Car,Income,Household.Size
3,31052,1.8
1,13281,0.8
3,21760,1.6
3,113391,0.8
2,7795,4.4
3,35229,1
1,15624,1
2,22069,1.8
3,20345,1.8
1,10701,1.6
1,13769,3.4
1,12693,1.6
2,10461,2.8
2,13475,2.8
1,43742,1
1,25538,1
2,6300,1
1,6733,2.6
1,11313,4.6
3,14808,1.8
1,19683,2
1,28768,1
2,14348,1.8
2,13223,2.5
1,8005,1
1,12725,1
2,52638,1.6
1,10138,1.8
2,26746,1
2,32575,1.6
1,12926,1
2,14067,2.8
1,11510,3
1,15744,1.6
3,20178,1.6
2,15707,2.4
2,21960,1.8
2,13705,3.1
2,17100,1.1
2,14334,1.6
1,24721,0.8
2,12946,2
1,11544,1.6
2,9982,3.1
2,24529,1.8
1,8540,1
3,17045,1.8
3,10349,4.1
2,11380,4.4
1,10087,3.6
4,7265,4.6
3,15785,2.8
2,18481,2.4
3,11958,1.6
2,13850,1.8
2,20234,0.8
2,13384,2.1
1,22274,0.8
2,30209,1.8
2,18127,1.8
1,19392,1.6
3,18991,1.8
2,10478,1.8
1,9370,1
3,13674,1.8
1,22781,0.8
1,11917,2.1
4,20422,3.4
1,22326,0.8
2,13747,2.7
2,36345,0.8
2,9187,4.4
3,13540,3.3
3,18927,2.7
3,19670,2.4
2,25977,1.8
4,15891,3.8
1,13443,0.8
1,16451,0.8
1,13154,3.4
1,46720,0.8
2,9488,4.2
1,10840,1.8
3,20967,2.6
2,15857,2.2
2,17358,2.5
2,12923,4.2
3,22009,1.6
1,18628,1.8
1,13309,1.6
1,10925,0.8
3,50603,1.8
1,4742,5.4
1,11032,1.6
4,21513,4.3
3,27355,0.8
4,14632,3.6
3,23553,2.1
1,10202,3.5
3,32463,1.6
2,13117,2.9
3,20975,1.6
1,12924,4
2,12810,4.2
3,13918,2.6
2,14576,3.4
2,10857,2.9
1,12733,3.2
1,15688,3.3
3,16181,2.4
1,35681,0.8
3,29188,0.8
2,9086,3.6
1,9745,1.8
3,42380,0.8
1,13955,2.3
2,15038,2.6
2,16098,2.9
2,11305,2.6
3,15276,2.4
1,8891,3.6
4,6544,3.6
1,13373,1.6
2,9251,2.8
1,30923,0.8
1,18594,0.8
4,15052,4.6
1,12393,1.6
3,16576,2
2,14212,2
1,12875,0.8
1,24668,0.8
2,10128,2.8
1,19960,2.6
2,9054,4.8
1,9654,1.6
2,15798,1
2,8205,3.6
1,16920,1
2,9498,2.8
2,7619,3.6
1,33786,2.1
3,22069,1.8
1,31026,0.8
1,17156,1.8
1,11092,1.8
1,12211,1.8
3,19687,3.3
2,12584,2.9
1,13916,1.8
2,16302,1.8
1,10675,0.8
2,11994,1.6
3,9043,2.6
4,38646,1.8
1,9540,1
3,31538,1
2,12951,1.8
1,15958,0.8
2,18442,1.8
1,8216,2.3
3,42505,0.8
2,7432,3.5
3,22705,3.4
2,10741,1
1,9461,1.8
1,6644,4.6
1,19134,0.8
1,18051,0.8
3,16690,2.6
1,13824,3.4
2,29130,1.8
3,12001,2.8
1,6890,1.8
1,32443,1.8
1,10633,2
3,51197,1.6
1,13113,0.8
1,14441,0.8
3,38781,0.8
2,30193,1.8
3,48948,0.8
3,19594,2.1
1,24093,1.6
2,27330,1.8
1,21850,0.8
1,23442,1.8
2,27249,1.8
1,14591,1.8
3,15033,2.3
1,23441,1.6
2,24570,0.8
1,15814,1.6
3,16361,1.8
2,6136,3.8
3,12605,2.8
1,10941,1.6
3,12081,1.6
3,10368,2.6
1,16461,1.8
1,18474,1.6
2,18361,1.8
2,12250,1.6
2,7406,4.2
3,34082,1.8
1,16885,0.8
1,17714,2.8
3,24789,1.8
2,18794,2.6
2,15859,1.8
3,8353,4.6
3,31123,1.6
3,12249,4.5
3,14609,2.1
2,30491,1.8
3,13217,2.2
3,20593,0.8
2,22798,1.8
2,15095,1.8
2,10853,2
2,16434,1.8
3,15112,3.2
1,16142,1.8
1,22683,3.8
1,13830,2
1,36609,1.2
1,15746,0.8
2,12156,2.5
2,36016,0.8
3,24464,2
1,10941,1.6
2,14904,1.8
2,39554,1.8
3,24779,1.8
1,11586,1.6
1,18810,0.8
1,6928,2.5
4,18793,2.8
1,19783,1.8
1,12663,2.5
1,28613,1.8
1,10986,1.6
3,29082,1.8
1,8469,3.2
1,32753,1.8
4,12474,3.8
2,20781,1.8
2,34489,1.8
2,31218,1.8
1,21511,0.8
3,16007,1.6
1,15767,1.6
3,14887,2.3
1,12851,1.6
4,13891,4.2
1,11590,2.3
1,14303,2.6
1,11812,2.8
4,36315,1.6
2,8240,2.3
4,15730,2.6
3,20720,2.6
2,14224,1.8
1,13947,1.6
1,14523,1.6
2,14730,1.8
3,22041,0.8
2,15403,1.8
1,12683,2.6
2,49360,2.6
2,17185,1.6
2,14084,2.4
1,22059,0.8
1,19818,2.6
2,14831,1.8
1,8052,3.4
4,36293,1.8
2,22524,1
2,13676,2.9
1,31808,1
1,14105,1.1
2,22041,1.6
2,13480,2.6
1,8406,3.8
2,10677,5
1,11134,1.6
1,10465,2.8
2,10665,3.2
1,14444,1.8
1,25614,0.8
4,6856,2.8
1,12895,2.5
1,11726,1
1,28604,0.8
1,15998,1.8
1,37493,0.8
2,14921,2.5
2,22601,1.8
1,30483,0.8
1,24390,1.6
1,18688,1.6
1,24423,0.8
3,8322,2.9
1,14896,0.8
1,13143,1.8
2,19156,1.6
1,20948,0.8
1,7776,1.6
2,17779,1.6
1,9018,2.1
1,25066,1.6
3,14678,2.9
2,11940,2.3
1,14854,1.6
1,15136,1.4
1,11249,1.7
3,17608,2.6
3,17594,3.6
2,20025,1.8
3,27800,1.8
1,16495,0.8
1,9278,1.9
1,8318,1.8
1,9948,2.7
2,6857,3.3
2,10706,3.3
2,25223,1.8
2,26093,1
3,11913,2.8
1,8633,2.2
1,6405,2.4
1,24031,0.8
4,19965,3.6
3,16362,1.8
1,18714,0.8
2,15590,1.8
3,12613,1.6
3,11918,3.3
1,12984,1.6
1,14681,1.6
1,11675,1.6
2,20050,1.8
1,28151,0.8
3,14718,2.6
1,15551,0.8
1,12704,1.8
1,6176,4.7
1,15551,0.8
1,6900,1.8
2,30363,1
3,14093,1.6
1,18711,2.8
3,13059,2.8
3,27323,0.8
1,10941,2.3
1,11198,1.8
1,70470,0.8
3,20806,1.8
1,32798,0.8
3,70811,0.8
2,19985,3.4
4,12247,2.8
3,9621,4.8
1,10916,1.8
3,12686,2.9
1,11016,1
1,10040,1
2,11515,1.6
1,18361,0.8
2,10415,1.8
1,31647,1.8
2,11054,2.4
3,27873,1.6
4,22470,2.7
3,52798,1.6
2,11739,2.7
3,25531,1.8
1,17366,0.8
1,10631,2.8
3,32504,1
1,8039,1.6
3,16059,1.6
1,17709,1.8
2,10652,4.5
2,12836,2.1
1,22911,0.8
1,10005,2.6
2,26226,1
1,30385,0.8
1,31618,0.8
1,18039,0.8
1,17530,0.8
2,16973,2.4
3,23870,2.4
1,23371,2.8
1,11193,1.8
3,13868,1.6
2,29947,1.8
1,24934,0.8
1,28280,0.8
4,19427,3.3
1,33515,0.8
3,32138,1.8
1,14968,0.8
1,9760,2.7
2,10048,2
2,18942,2
1,27046,0.8
1,9713,2.6
1,24005,0.8
3,11741,1.6
1,19888,0.8
3,27769,1.8
3,27712,1.8
4,18472,3.6
2,32155,1
3,11328,2.8
3,31468,1.6
1,26704,1
3,30739,0.8
2,16539,2
3,10450,2.8
1,14729,2
3,19203,2.4
1,23306,1.8
2,7424,3.4
3,36831,1.8
1,32295,2
3,40643,1.6
2,8207,2.6
1,12266,2.4
1,12728,0.8
2,39030,1
3,37863,0.8
1,21140,0.8
2,17763,3.2
3,47039,0.8
1,15335,1.3
1,15603,2.4
1,14651,3.6
1,16073,1.6
1,31766,0.8
1,17523,1.6
1,10111,3.9
2,20599,2.9
3,30026,1.8
1,17218,0.8
1,11931,2.4
1,39785,1.8
4,20140,2
2,37981,2
1,17905,0.8
3,28144,1
1,13293,1.6
1,7812,2.6
3,19333,2.4
1,28680,1
2,15839,3
1,16272,1.6
1,11692,1.6
1,22756,0.8
2,14674,2.3
3,14948,1.6
1,9837,2.5
3,20263,2.4
1,30123,1
4,13689,3.6
1,19860,0.8
1,25843,0.8
2,14637,4.6
1,24165,1.6
4,18365,2.6
2,17674,1.8
3,25147,1.8
4,12201,4.9
1,9012,1.8
1,21356,0.8
1,13307,1.8
3,10024,2.5
1,10742,1.8
1,37508,1.6
2,27595,1.8
1,20130,0.8
1,16530,0.8
1,12692,1.6
2,26398,1.8
3,13864,3.1
1,13228,1.6
1,12273,2.6
3,18643,1.6
3,14698,1.6
1,29135,1.6
3,27967,1.8
3,16580,1.8
1,22873,2.6
2,16732,1.8
2,19813,1.8
2,15721,1.8
1,25301,0.8
1,11600,1.6
1,24298,1.6
2,6349,3.4
1,21185,1.6
1,20354,0.8
1,7220,2.8
3,21973,2.6
1,17376,0.8
1,18262,1
2,12775,3
2,10650,3.6
1,13438,1.8
3,45783,1
1,14862,2.4
3,10806,3.6
2,11433,3.5
2,8619,3.3
3,17498,0.8
2,9300,4.2
1,26695,0.8
2,15927,1.8
2,20140,2.8
1,11733,1.6
3,10941,1.6
1,16301,0.8
1,14129,2
1,19501,0.8
1,25677,1.8
2,10158,2.8
2,12677,2.3
3,35680,1
2,11033,3
1,36279,1.6
1,5277,3.4
1,18844,0.8
3,28391,2.2
1,21271,1
2,28192,1.8
2,12008,2.4
3,17244,1.8
3,20325,2.8
1,22329,1.8
2,11024,2
1,10390,1.6
1,6511,1.8
1,16957,1.8
1,15042,2.6
1,12985,3.6
3,13922,3.1
1,9333,2.8
3,22853,2.3
1,32120,0.8
3,21925,3.8
1,17928,0.8
2,25902,1
2,10869,2.2
4,12243,2.8
2,23992,1.8
1,16866,0.8
2,18578,2.5
2,52539,1
1,11350,3.8
1,36926,0.8
2,15679,1.8
3,22157,1.8
4,19778,1.8
1,20126,0.8
1,18688,0.8
1,11529,1.6
1,23281,0.8
1,9831,1.8
2,41949,0.8
3,17769,3.4
1,20305,0.8
4,18925,3
2,13040,4.8
2,8760,2.3
3,15845,2.4
1,14843,2.6
1,32045,0.8
1,7550,0.8
1,18226,1.8
1,31626,0.8
1,33200,0.8
2,13680,2.6
1,14633,2.6
1,20043,1.8
1,43442,1.8
1,13261,2.2
3,69788,0.8
3,13905,2.1
1,16166,0.8
4,18853,5.3
1,17278,0.8
1,10000,0.8
3,26483,1.8
3,17931,2.4
1,47463,1.8
3,20478,2.6
1,15981,1.6
1,33530,0.8
3,32024,1.8
2,10987,1.8
1,8835,3.2
1,9689,5.4
2,13648,2.2
2,23376,1.8
2,38413,1
1,17630,2
1,15706,0.8
4,12405,2.8
2,32155,0.8
4,10665,3.6
4,17365,4.3
3,24788,1.8
1,24065,0.8
2,10850,3.4
2,14107,1.6
1,30161,1.8
2,23762,1
3,8779,3.2
2,13500,2.2
1,9324,2.6
1,17968,1.6
1,15118,4
2,14043,2
1,12474,2.8
4,25413,1.8
2,16177,1.6
2,20397,1.6
3,26120,1.8
3,16809,1.8
1,14786,2.4
2,15727,1.8
3,20713,1.8
3,17965,3.6
1,4784,2
2,11349,2.5
4,28318,1.8
1,7778,3.3
3,22056,2.8
1,49481,0.8
1,16529,0.8
2,15598,6.4
1,18550,2.5
4,15103,3.9
2,29131,1
2,11643,2.7
3,19269,1.8
1,25035,0.8
3,13918,4
1,15489,2.7
1,15716,1.6
2,14530,2.8
3,33228,2.6
3,18961,1.8
1,11296,1.6
4,27811,1.8
3,25882,1.8
1,9270,3.1
2,19245,1.8
1,14499,1.6
1,21345,1
3,40845,1.6
1,7655,1.8
2,22699,1.8
3,28740,1.8
2,19560,2.4
2,8376,3.6
3,17320,2
3,6334,4.1
1,34993,0.8
1,11695,1.6
3,23889,2.6
3,13100,4.1
3,8753,2.3
3,14105,2.8
2,7655,3.1
2,8642,5
3,29970,1
1,7953,6.5
2,14190,1.8
1,829,3.5
3,22642,1.8
2,16059,1.6
1,20593,1
2,12375,2.7
2,12899,1.8
3,8585,2.7
3,15451,2.5
1,12603,1.6
2,13411,1.6
1,10292,3.6
2,10090,3.8
1,13364,2.4
1,9911,4.8
2,16209,1.8
1,10171,2
1,5804,3.3
2,15247,2.4
1,7515,3.7
1,22835,0.8
1,12345,2.3
2,14336,1.6
1,13338,1.6
1,8846,3.1
1,17123,1.6
2,10255,2.8
3,11785,2.2
2,25539,1.8
4,8006,4.6
3,9779,3.4
1,8528,4.4
1,8274,3.5
3,13027,1.6
3,11650,4.4
1,9850,2.7
3,11708,1.8
3,13269,1.6
3,13224,3.8
1,10064,3.3
1,17195,0.8
2,9926,3.1
3,10485,3.4
3,34948,0.8
4,21110,2.6
1,20787,1.8
2,11281,2.8
2,15901,4.3
3,14106,2.5
2,20867,2.6
3,15864,2.2
2,13795,3.1
3,19378,2.6
2,10323,4.6
3,11559,3.4
1,25775,0.8
2,19163,2.1
2,23592,1
3,10759,2.9
3,14381,1.6
1,19021,0.8
2,24922,1
3,16991,1.6
3,19330,2.5
2,14674,2.4
2,13449,2.7
2,12473,1.6
1,13723,1.6
4,9908,4.6
2,25230,3.1
1,15551,1.6
1,30220,3.8
2,7494,5
2,9522,5.1
1,6707,4.7
3,13561,3
3,14629,2.8
2,7259,6.9
2,14516,2
3,16179,1.8
2,16204,3.6
1,10261,2
1,5432,1
2,9300,4.3
2,18633,2.8
3,16695,2.6
2,12416,3.1
3,14617,2.4
1,8650,3.3
2,15766,2
1,23966,1
2,41511,1.8
2,15223,2.1
3,18809,2.7
1,13849,3.4
2,16949,3.8
3,11920,2.1
2,17586,2.6
1,23144,0.8
1,14152,1.6
1,15995,2.6
2,19179,1.6
3,12633,1.6
1,6285,3.7
3,9756,2.6
2,19183,2.1
2,10542,4.2
2,16058,1.6
2,15256,1.6
3,26003,1.8
3,23621,2.6
3,17505,1.8
3,27855,0.8
1,14779,1.6
3,14090,2.1
2,7353,3.3
2,29027,2.6
1,8694,1.6
2,19044,2.7
4,13641,2.3
2,14129,3
3,17203,3.6
1,20250,0.8
3,17752,3.4
3,16509,2.3
2,4518,2.4
2,11124,2.4
3,10901,3.4
1,9580,2.6
4,16606,3.8
1,21471,0.8
2,7823,3.2
2,11434,2.5
2,5740,4.8
1,12727,1.6
2,13356,3.6
3,1431,3
3,12189,3.6
2,9898,3.3
2,9836,2.8
3,28323,1.8
1,37066,0.8
2,7664,2.9
2,16998,1.6
2,8645,1.8
2,11835,4.2
2,11435,2.4
2,37983,0.8
1,29069,0.8
3,16818,2
2,16720,2.6
1,6897,5.6
1,13590,2.5
3,20392,1.8
1,20529,0.8
2,27014,1.8
2,8569,4
2,10536,3.3
3,15830,2.7
3,22288,1.8
2,11413,4.7
1,17413,0.8
1,41039,0.8
1,19228,1.6
2,13320,1.8
3,30938,1.8
4,17878,2.4
1,9381,3.6
3,29016,0.8
3,10062,3.3
2,13326,2.1
1,9408,2.3
2,10256,3.6
2,17690,2.6
1,12919,1.6
1,11214,4.2
3,14285,2.6
3,10645,5.1
1,14542,2
1,39713,1.8
3,33207,1.6
1,9692,3.4
1,7011,2.4
2,25519,1
1,15551,0.8
3,18688,3.8
1,3215,0.8
3,23868,1.8
1,21180,1.8
1,10501,0.8
1,20185,0.8
1,11721,1.6
1,9250,4.9
1,16198,1.6
1,13141,1.6
1,12212,2.6
1,9329,3.6
4,11628,3.6
1,21465,0.8
3,10262,2.6
1,11859,1.6
1,18027,2.1
3,31500,1.8
2,11475,4.2
3,28098,1.6
2,18414,2
4,9638,2.6
1,12606,1.6
4,10355,6
3,12479,1.6
2,15698,2.3
2,21906,1.6
1,17789,1.6
1,16629,1.6
1,12276,1.6
1,8309,4.6
2,9661,3.1
3,12926,2
3,16137,1.6
3,17390,1.6
3,13987,2.3
3,37714,1.6
3,17954,2.3
3,11683,3.6
3,12630,2.1
1,10228,2.8
4,11647,5.4
2,6403,3.5
1,12934,1.6
1,16579,2
1,26661,1.6
3,8380,4.2
1,16339,1.8
4,15182,2.4
2,9121,4
3,18660,3.4
3,26462,2.6
4,10650,2.6
3,29371,1.6
2,12113,5
3,25442,1.6
1,25591,0.8
2,19875,1.8
1,13034,2
3,10735,2.9
2,31942,1.8
1,15551,0.8
3,10941,1.6
3,13395,4.5
1,20780,0.8
2,12559,3.8
2,14240,2.4
1,12194,1.6
2,8775,3
1,9268,3.3
2,11236,2.9
3,19100,1.6
3,8405,2
3,12994,4.1
1,18329,2.6
3,19118,1.6
3,38923,0.8
1,4701,5.7
2,7528,3.9
2,18325,1.8
2,16677,4.4
4,13985,3.8
2,12263,2
2,8612,2.9
2,10638,3.3
2,10369,3
3,11501,3.6
4,19632,1.8
2,15058,2.5
1,11604,2.1
2,14392,3.2
2,22540,1.8
1,17136,1.8
1,21676,1.8
2,6326,3.4
1,12847,2.6
3,13908,2.6
2,13615,2.8
2,19250,0.8
3,13103,2.2
2,12715,5.5
3,23735,1
2,25662,1.8
1,6517,4.9
2,12339,2.4
3,24299,0.8
1,39283,1.6
1,15403,1.8
1,14043,1.8
1,15607,2
1,22172,3.6
2,31424,0.8
1,16469,2.1
1,19415,4.8
3,13032,3.3
1,30360,1.8
1,8690,3.3
1,12866,3.6
2,16718,1.8
1,10852,2.7
2,18190,2.4
1,7987,2.6
1,14968,0.8
1,22447,1.8
1,341,3.8
1,8321,3.5
1,5204,5.8
1,11976,1.6
2,7028,4.2
2,16713,3.6
2,15972,2
3,9618,3.2
2,17096,1.8
2,11856,2.6
3,17083,1.8
3,17039,2
2,11139,2.1
1,22064,1.6
1,15697,2.9
2,18958,1.8
2,12850,3.4
1,9198,4.4
2,9308,5.1
1,14636,1.8
2,11807,2
2,8914,3.5
1,8578,1.6
1,8278,3.6
1,39713,1.8
1,17504,1.6
1,11414,1.6
4,19962,2.4
3,24831,1.8
3,27277,1.8
2,9806,5.2
1,12484,3.6
1,14877,1.6
2,9178,3.4
1,12059,2
3,8743,3.2
2,8584,3.9
2,8916,4.9
1,11260,3.2
1,7284,2.8
3,48075,1
2,15378,1.8
3,9013,4.4
4,12233,2.3
1,13263,1.6
2,9344,4.6
2,11503,1.6
2,10862,2.3
2,11896,3.4
3,17265,2.8
1,10597,2.5
2,35103,1.8
3,15765,4.3
2,9384,3.4
3,11704,1.6
1,17308,1.6
3,10571,4.3
2,9661,1.8
2,24557,2.6
3,14015,2.6
1,24183,0.8
1,13726,2.1
3,28278,0.8
2,11777,2.3
2,28736,0.8
2,7801,3.9
2,10921,5.6
3,10733,3
1,9698,2.8
1,20055,2.3
3,17129,1.8
2,13134,2.1
2,13329,1.8
1,9669,4.4
1,8562,3.3
2,17674,2.9
2,18183,2.6
1,29150,0.8
2,12594,2.9
2,11791,2.6
2,25288,1.8
1,12469,3.7
3,17209,1.6
2,10593,1.6
3,12187,2.4
2,21212,1.6
1,10941,1.6
2,10924,1.6
1,46873,1.8
1,13522,1.6
2,23527,1.8
4,13501,1.8
2,8746,5.4
4,12515,3.9
3,13262,3
1,11608,2.1
1,19383,0.8
3,14160,2
3,10191,3.4
2,20996,2.8
1,19475,1.6
2,17003,2.3
1,15721,0.8
3,29639,1.8
3,15143,2.6
1,8840,3.3
2,16408,1.8
1,9417,3.6
1,14126,1.8
2,10130,3.1
1,24473,0.8
1,12824,1.6
2,27691,1.8
4,14596,2.8
1,27286,1
1,21068,0.8
1,21816,1
1,32155,0.8
2,8820,5.6
2,7816,3.6
2,10122,3.9
4,13263,2.5
2,33394,1.8
2,9936,2.4
1,33548,1.8
1,16418,2.9
1,7134,3.4
2,22958,1.8
1,11723,2.1
1,13607,3.3
2,25498,1.8
3,30500,0.8
3,21093,3.1
1,22834,0.8
2,16672,1.6
1,16413,0.8
2,27976,1
2,20849,2.1
1,15551,0.8
3,13328,2.1
1,10309,3.2
3,28468,1.8
1,4098,3.4
1,14697,3.1
2,28259,0.8
2,13080,2.6
1,13428,2
3,9014,5
1,12297,1.8
2,8776,4.5
4,19836,4.5
3,17908,3.6
1,7687,3.2
2,23279,1.5
1,15351,1.6
4,15103,4.4
3,32215,0.8
2,8514,6
2,19108,2.4
2,7629,4.2
3,18448,1.8
1,15006,1.8
2,6876,5.9
1,21476,0.8
1,14118,1.8
3,16293,2.4
3,23336,1.8
2,15308,2.3
1,33373,1.8
2,16956,1.8
2,10248,2.6
3,16805,2.5
3,28632,1.8
2,17420,2.4
1,11596,1.6
1,9633,4.4
2,12767,2.1
3,19752,2.4
2,18456,2.6
1,12100,2.7
2,11703,4.6
1,16323,0.8
2,10562,2.3
2,18832,1.8
4,17348,3.6
3,14612,4.4
4,14096,2.9
1,5855,4.6
2,9196,4.4
3,32562,2
2,13844,1.8
3,13453,3.5
2,7975,5.3
1,14329,1.6
3,15887,2.3
2,11048,2.5
1,10788,2.9
4,18638,2
2,25148,1.8
3,16728,2.2
3,18535,4.2
2,16755,2.8
3,17297,2.7
3,11794,2.6
2,10763,2.6
2,21726,1.8
3,8539,3.1
2,21391,4.6
2,13173,3.2
2,25079,1.8
2,16683,2.8
3,11701,1.8
2,19873,2.6
2,16230,2.1
1,10485,2.5
3,5061,1.6
2,11756,3
1,22997,1.8
3,12294,1.6
2,10471,4.6
3,13897,1.8
2,11373,3.4
1,11340,2.6
1,11124,3.4
2,26609,2
3,19977,1.8
1,18479,0.8
3,16232,2
1,11338,2.5
2,26028,1.8
2,70928,1.8
2,19380,3.3
3,10390,2.6
2,10100,2.3
2,8024,3.7
2,9713,3.2
3,28301,1.8
2,8667,3.3
1,19133,0.8
2,11123,3.4
2,11749,2.2
1,5887,4.4
2,12342,2.1
2,12599,1.6
2,16132,1.8
3,16920,1.8
1,11726,3.6
1,7612,4.4
1,7830,3.1
1,9534,3.6
2,7852,3.7
1,13110,2
3,17353,2
1,22292,1.6
2,8968,3.6
1,9256,3
3,15604,2.6
2,14787,2.1
1,12657,2.6
2,8070,3
2,11027,4.4
3,15313,3.3
2,10460,5.6
1,11026,2.5
4,21612,2.6
3,15086,3.6
2,15178,1.6
2,14226,2.5
3,18074,1.6
2,19526,0.8
2,15023,2
2,9200,2.6
2,13816,1.8
3,13696,1.6
4,11133,3.9
2,29349,1.8
2,14266,2.5
3,10825,3
2,8315,3.9
1,16015,0.8
2,9827,3.6
2,12698,3.6
4,18099,2.8
3,14364,1.6
2,13633,3
2,10282,3.9
4,13272,2.8
2,11823,3.8
3,19613,3.6
3,23598,1.6
3,7434,3.8
3,15375,3.3
2,25904,1.8
2,14844,2.6
1,14931,1.6
3,31380,1.8
3,21497,1.8
3,14041,1.6
1,6655,3.4
3,17200,1
2,6875,3.6
3,22837,1.8
2,13080,2.1
3,20850,2.7
3,21529,2.5
2,14948,2.4
1,22181,1.8
1,7490,3.8
1,16248,1.6
3,15763,2
3,18087,1.6
1,12621,2.2
3,23377,2.6
2,14005,2.1
3,15485,3.1
2,13965,3.6
3,21740,3.6
1,37900,1
4,37981,2.9
4,13561,3.8
4,12644,2.9
3,32629,0.8
3,9559,2.8
2,17835,2.9
2,22955,1.8
1,6693,2.5
2,7143,3.6
3,58184,0.8
1,31403,1.8
1,12082,1.8
2,13635,4.1
1,11453,1.6
2,37247,1
2,23062,1.8
2,33726,1.8
1,29643,0.8
1,6290,3.3
2,10040,2.7
3,17148,0.8
2,14392,1.6
3,12922,4.2
1,17323,1.6
1,16993,2.9
4,12238,2.6
4,7534,4.6
3,15290,2.1
3,32957,1
1,12133,2.7
3,41011,1.6
1,36888,2
2,9895,2.9
1,19634,1.6
1,25139,0.8
1,22133,1.8
2,9721,2.8
2,14274,2.9
2,10716,4.9
2,13300,2.3
3,15389,1.8
3,17437,2.6
2,13276,2.5
2,34021,1.8
2,10358,3.3
1,29612,1.8
3,11045,2.8
3,28082,1.8
2,15499,1.8
3,38867,1.8
1,13178,2.5
1,20321,0.8
2,15739,1.8
1,20577,2.9
2,20744,1.8
3,38109,0.8
3,19866,3.4
3,15333,2.1
3,25233,1.8
1,32048,0.8
2,9658,2.4
3,28448,1.6
3,24564,1.6
2,10751,3.6
1,52922,1
2,12989,3.1
2,30040,0.8
1,17566,0.8
2,10129,2.9
2,25022,1.8
3,14295,3.2
3,21603,2.6
4,16976,4.2
1,16108,0.8
1,14103,2.5
1,7519,2.7
1,24240,1.8
2,19518,1.8
1,18326,0.8
3,13283,1.6
3,14848,2.6
3,9326,2.6
2,15049,1.8
2,20208,2
1,23226,0.8
1,16965,0.8
2,9856,2.7
2,22469,2.1
1,27332,2.3
1,10925,6.5
2,13094,2.3
2,15892,1.8
4,12160,4.2
2,11851,5.9
1,9284,6.3
1,22303,1.8
4,23293,2.8
3,9441,3.6
4,17453,4.2
2,24294,1.8
2,13937,2.7
1,15061,1.8
1,15860,2.9
1,14054,2.8
2,10252,2.6
4,16335,3.6
1,12028,3.3
4,27595,2.5
3,12373,1.8
1,10440,2.6
2,15696,2
3,22735,1.8
2,48138,0.8
1,18273,1.8
1,16047,3.4
1,5927,2.7
3,37314,0.8
1,21424,1.8
1,30690,0.8
1,16293,0.8
1,22428,0.8
1,15743,0.8
3,19892,2.3
3,22029,2.9
4,26219,2
3,26101,3.3
3,10975,3.3
2,16046,1.6
1,14144,5.1
1,19870,1.6
3,9807,1.8
2,14349,1.8
1,7446,3.6
1,19585,1.8
1,32420,0.8
3,12823,4.9
1,20642,1.8
1,16763,2.8
2,30109,1
2,12591,2.1
3,19288,2.1
3,20261,2.5
1,15611,2.1
4,39616,1.8
3,16384,2.6
2,13518,2.5
3,12012,2.8
3,17794,1.6
1,27273,1.6
3,17012,1.8
2,13853,2.4
3,21521,1.6
2,8423,3.9
1,18449,2
3,31806,1.6
4,44719,1.8
3,18701,2.8
3,16428,3.2
1,17919,0.8
2,14795,1.8
3,52759,1.6
1,23418,1.8
2,15870,2.8
2,9501,3.6
2,12034,3.1
4,16645,4.3
3,19064,3.4
1,9721,3.1
1,47264,0.8
2,22202,2.6
3,12846,1.8
2,14717,2.3
1,14283,1.8
3,15201,1.6
1,7206,3.6
4,11275,4.4
1,15446,1
2,6086,6
1,16923,1.8
3,28912,1.8
3,9590,3.5
3,39363,0.8
1,12447,1.8
4,10846,2.6
2,25508,2.1
4,21450,1.8
3,31216,1.8
3,18304,1.6
2,18838,0.8
3,10033,4.3
3,13139,5.2
3,14283,2
2,16424,1.8
3,23191,2
3,13145,2.5
3,11418,2.4
1,21807,1.6
2,43326,0.8
2,20293,1.8
1,11928,2.6
3,29036,1.6
2,13036,2.7
2,21525,1
3,15409,2
1,19336,1
1,25888,0.8
3,15087,3.3
3,22396,2.3
3,24771,0.8
2,13778,1.8
2,24323,2.3
3,21597,2.1
1,4544,5.1
1,11636,2.9
3,35221,1
3,11196,1.6
1,17139,3.5
1,12775,2.4
2,13744,2.5
1,17719,1.6
2,26361,1.8
2,10321,3.1
2,8195,4.1
2,16484,4.6
4,11296,3.6
4,12159,5
2,18232,2.5
2,12758,2.5
4,26045,2
1,11427,2.4
1,19676,1.6
1,12756,2.6
3,13662,1.8
2,22077,1.8
3,11490,3.1
1,11320,2.5
2,14293,2.4
1,9250,4
2,15760,0.8
1,11468,3.6
2,16871,3.4
1,16885,3.1
2,12008,2.3
1,14482,2
2,10493,2.8
2,5279,4.9
3,13191,1.6
4,36301,1.8
2,11838,1.8
3,14931,2
2,9980,3.6
3,7232,3.3
1,13627,3.6
1,14652,2.7
2,14206,2
3,10516,3.6
2,5613,4.2
1,11978,1.6
4,26414,3.4
2,8980,2
2,20330,1.8
2,9694,2.6
3,34660,0.8
3,11706,2.7
3,50066,1
1,17370,0.8
4,16377,2.9
1,32782,1.8
2,28061,1.8
3,23521,1
3,9353,3.6
2,13415,4.3
3,18917,1.6
1,16801,2.5
3,15209,3.1
4,17086,2.7
1,6312,2.8
2,7333,2.1
1,17534,4.3
2,10405,2.9
2,12167,2.9
2,16218,2.8
1,20659,2
2,11534,2.9
3,11689,3.6
2,10977,2.8
1,11091,1.6
2,22263,3.1
1,17536,1.6
2,5783,4.2
2,12604,6
3,28117,1.8
1,18472,1.8
3,16460,3.8
3,15770,2.4
2,21677,2
4,13900,3.8
2,9554,2.7
2,27089,1.8
1,10648,3.8
2,20888,1.8
1,13243,2.7
4,15777,2.9
1,12716,1.6
2,17093,3.1
2,10965,2.8
1,30026,1
1,20583,0.8
2,14051,2.5
1,17982,1.8
3,22993,2
2,13358,2
1,12788,2.5
2,16367,1.8
1,12298,4.6
2,74334,0.8
1,39669,1.6
3,16838,4.4
3,13025,4.4
3,36334,1.8
1,22120,2.6
1,10718,4.6
3,16711,2.8
1,13036,1.6
1,15351,1.8
4,124251,1.8
3,28544,1.6
3,15184,2.9
1,14073,3.1
1,17641,2.7
3,9190,3.8
2,13347,2.7
3,11803,3.6
1,21583,0.8
4,7514,4.3
2,19985,2.8
3,31986,0.8
1,10955,4.6
3,15185,3.6
1,42525,1.8
4,11958,5.3
1,11529,1.6
2,14034,2.5
1,7841,3.4
3,9673,4
1,23032,1.8
3,15696,3.2
1,11153,4
2,33940,1.8
2,20786,1.8
3,8581,6.3
2,13043,2.3
3,16105,2.5
4,17655,3.6
2,12989,2.4
3,11670,3.2
2,16984,2.3
2,17034,2.8
1,13013,2.7
3,15996,2.9
2,13575,1.5
2,12643,2.3
2,15637,2.3
3,13922,2.6
3,22121,1.8
1,31291,0.8
3,30818,1.8
2,36633,1.8
3,20626,2.8
1,11473,1
2,13859,2.8
3,99399,0.8
3,28330,2.6
1,37675,0.8
1,30593,1
3,14762,2.8
4,18972,2.8
3,11701,2.9
1,29746,1.8
2,29133,1.8
1,16151,0.8
2,19721,2.8
3,25773,1.6
1,15016,1.8
2,21493,1.6
1,29566,2.6
2,17773,4.4
2,48514,1.8
2,18345,1.8
1,18043,2
3,13127,3.3
4,14743,3.6
2,12261,3.5
2,10965,3.5
3,26717,1.8
2,26956,1.8
3,18296,1.8
3,24676,1.8
2,11107,3.6
1,31784,1
1,34538,0.8
2,28258,0.8
4,12883,2.8
4,24976,4.2
1,20291,2.8
1,9481,3.4
1,11956,3.6
2,16324,2
1,33591,1.8
2,15584,3.7
2,18862,2
1,21869,1.6
3,14200,2.3
3,43761,0.8
2,14497,3.6
2,13953,3.8
1,17842,1.8
2,8462,4.3
3,19896,2.6
2,32173,1.8
1,15551,0.8
1,14745,3.3
2,14595,2.6
2,36029,0.8
3,11745,4.8
1,17694,1.6
2,12547,3.6
2,14287,2.3
1,14979,1.6
2,28331,0.8
2,23314,1.8
2,18039,1.8
1,11141,2.8
2,16051,3.4
2,15811,3
1,16068,0.8
1,27356,1.8
2,18512,5.1
2,11747,3
3,20554,1.6
2,12436,2.8
3,12411,2.2
1,11632,3.3
1,13960,2.3
2,16935,3.4
3,25380,1.6
2,14403,2.4
1,27857,1.8
2,22308,2.3
1,13678,2
1,16994,2.6
4,9315,3.9
2,11236,3.4
3,17510,1.8
3,16992,1.8
3,25000,2.8
1,14504,2.9
3,42085,0.8
3,16892,2.5
2,16660,1.8
1,13119,1.8
1,42759,0.8
4,12796,3.8
3,21130,2.5
2,20726,2.6
1,20103,0.8
1,8251,3.5
4,14729,2
2,12256,3.6
3,21844,3.3
1,15715,0.8
3,37007,1.8
3,20631,2
4,27597,2.6
3,12559,2.6
2,27106,1.8
1,14472,3.4
2,11826,2.8
2,16142,1.8
1,14705,1.8
3,12239,3.1
2,15090,1.8
3,18605,2.6
1,33808,1.6
2,6116,4.9
3,15302,1.6
3,11584,2.9
2,8497,3.3
1,5099,2.4
4,6932,3.6
2,10566,3
4,11302,4.4
1,9895,3.6
1,2570,2.8
3,13485,2
1,14774,2
2,10572,1.8
3,23293,2.7
1,7848,2.4
1,34073,0.8
2,17334,1.8
2,19647,2.6
1,8123,2.8
3,9654,2.7
3,21813,1.8
4,33863,1.8
1,15175,2.4
4,19026,2.6
2,10057,4.5
3,15648,2.5
2,10756,3.8
4,21023,3.8
2,11165,2.3
4,14805,5.6
1,14487,2.7
1,14059,7.9
2,26369,1.8
1,20729,2
4,14720,3.6
1,9433,1.8
3,17450,3.4
1,7636,3.6
1,7159,3
2,14215,2.6
2,15717,1.8
3,18099,4
4,23583,2.6
1,10749,2.6
4,14632,3.1
2,13021,3.5
1,17072,1.6
2,27640,1.6
2,7700,4.7
3,17336,2
1,10934,2.5
4,10593,6.7
2,13811,3.4
1,14070,1.6
2,16261,2.7
2,12118,3.6
3,18598,3.4
1,8719,3.1
2,18611,4.4
3,18909,1.6
2,35343,1
1,20673,2.7
2,27852,3.1
1,12488,3.4
4,24205,2.8
2,3674,5.9
1,15329,2.6
1,16001,0.8
2,7739,4.6
2,14374,2.1
3,20520,2.4
1,14429,2.5
1,25303,1.8
1,15491,2.3
1,17351,0.8
1,22667,1.8
3,10795,2.6
2,32058,1
1,11238,1.6
2,13205,1.8
1,12582,1.6
2,13433,2.3
2,13429,2.3
1,15347,1.8
2,19144,2.2
1,13700,1.6
4,16383,3.8
3,13583,2.8
1,9789,3.2
3,59210,0.8
1,32001,1
1,9248,3.4
1,17248,3.6
3,11683,2.1
1,9928,2.9
1,23236,2.5
3,30818,1.8
1,9062,3.8
2,16087,2.1
2,5096,5.3
1,13326,3.3
3,35679,0.8
3,17540,2.2
1,9586,2.8
2,12478,2
2,28558,1.8
1,11658,1.6
3,34256,1
3,48698,0.8
2,8209,2.1
1,11888,1.6
3,17143,3.4
3,17747,2.3
2,17387,2.2
2,7519,4.3
1,21426,1.8
4,21265,3.6
4,13631,4.1
2,15700,1.6
3,20749,2
1,12940,3.8
2,15109,3.6
1,14674,2.2
3,20557,2
3,13323,2
1,6010,4.2
1,11359,3
4,36992,2.8
3,16864,2.3
4,33697,1.8
1,19897,1.8
1,25218,1
2,27102,1.8
4,17514,3.6
3,12141,3.2
3,12546,1.6
2,11192,3.1
1,13811,1.6
3,30001,1.8
3,17884,2.3
4,20178,2.4
3,18283,2.9
2,26074,1.8
3,25908,2
1,17458,1.2
1,6759,3
2,12960,3
2,10665,3.4
2,12909,3.4
3,8883,6.2
2,12146,2.3
3,17403,2.7
1,17856,2.2
2,11170,2.4
1,11853,2.6
2,23730,1.8
3,14960,2.3
1,13483,1.6
2,10132,2.9
2,12538,2.9
1,16375,2.6
2,13307,2.3
3,13737,1.6
2,46840,2.2
2,10664,3.1
3,17342,2.5
2,19005,2.8
1,8897,4.2
2,15605,1.6
1,21323,0.8
1,16554,2.8
4,27245,2.8
2,12973,2.4
2,8337,2.9
3,18260,1.8
2,12056,2.8
2,25805,1
2,12553,3.7
4,40509,1.8
3,23797,1.8
3,17376,2.2
3,16712,2.1
1,18141,1.8
2,13165,3.4
3,14165,2.2
2,13772,2.8
3,14949,2
3,14247,2.8
2,12253,3
3,12112,3.3
2,10061,4
1,17689,0.8
3,19045,2.4
2,20959,2.1
3,27961,1.8
3,19774,1.8
2,10445,3.2
3,25864,1.8
2,11661,3.4
2,9325,2.9
1,29088,0.8
1,19100,1.6
3,10880,2.6
2,12574,2.6
1,5612,5
1,31500,1
3,17559,2
2,15816,1.8
3,10754,1.8
1,8757,2.8
1,11737,2.4
2,21132,1.8
1,11526,3.8
1,11250,2.6
2,11380,2.3
1,24418,2
1,11946,1.6
3,19073,1.6
3,14337,2.9
3,21433,2.4
2,17118,2.3
3,42746,1
1,26483,2.8
2,20972,1.6
1,31289,1
2,44219,1
2,10901,3.3
2,11674,2.9
2,14554,3.6
1,19936,0.8
2,28898,2.8
1,22404,1.6
3,17461,2.3
3,17796,2
2,12350,2.3
2,10683,2.8
3,17988,2.7
3,52248,0.8
1,20133,2.1
3,26043,3.2
1,12090,3
1,31661,0.8
1,23014,1.6
1,15297,1.6
1,14283,1.8
1,6195,3.4
3,39905,1.6
2,19269,3.4
2,23699,2.4
2,17332,1.8
1,10481,2.9
2,11647,2.9
1,17881,2.9
2,14110,2
4,16964,2.4
1,11374,4.6
3,27758,0.8
1,15717,2
2,13089,3.5
4,19953,4.6
2,17030,2.4
3,16751,1.8
1,9225,4.4
2,15727,2
1,12138,1.8
2,30007,1
3,18009,2.1
4,19784,3.8
2,20545,2
3,15674,1.6
1,13832,2.5
3,12301,2.3
1,15551,0.8
1,14264,2.6
1,13146,3.8
3,15088,2.7
1,19800,2
1,14549,2.3
2,17775,2.6
1,23137,2.2
2,9324,2.8
1,11820,4.6
3,15873,3.3
1,13696,5
3,51433,1.8
3,19696,2.4
1,9466,2.3
1,30150,0.8
3,27704,1.8
3,14206,2.4
1,16736,0.8
3,25551,1.8
2,11932,2
2,17549,4.4
1,13318,3.7
2,15501,2.7
1,14825,1.8
3,18668,1.8
1,13642,1.6
3,37660,0.8
3,13207,3.2
3,15116,1.6
1,25211,0.8
1,19486,0.8
1,14135,1.8
2,14374,2.5
3,26277,1.8
2,18671,1.8
1,48855,0.8
2,17093,2.6
1,6952,5.8
1,32640,0.8
1,20628,2.5
1,13136,2.9
3,20478,3.6
2,12356,3.8
2,18255,2.6
2,13032,2.7
2,15742,2
1,16452,2.3
2,13143,2.8
1,13579,1.6
2,24775,1
3,15227,2.2
3,20236,1.6
1,16954,1.6
1,34298,1.8
2,10887,2.9
1,11675,0.8
2,11414,4.5
1,16427,2.8
2,14044,2.2
1,10330,2.4
1,6823,3.6
1,24129,1.8
1,18092,3.2
2,15537,1.8
4,35954,1.6
3,30118,1.8
3,21381,2.2
3,18528,2.4
1,7865,3.6
2,12996,2.1
2,11820,2.6
1,9060,1
1,11047,1.6
1,13648,2.9
1,14498,1.8
1,20610,0.8
3,47408,0.8
4,11995,3.5
1,20848,0.8
2,14715,2.6
2,8934,3.4
1,20276,0.8
1,8500,1
2,37114,1
3,25905,2.6
2,21979,1.8
2,9883,2.8
1,68251,1
2,10720,3.2
2,15264,1.8
3,17598,2.3
1,21681,0.8
1,9656,3.6
3,12495,1.6
2,10182,1.8
3,30195,2.1
3,21659,2
1,16214,1.6
1,11099,2.1
2,22422,1.8
2,21468,2
4,19305,2.6
1,23496,1
1,9101,5.3
2,10812,3.5
4,25788,2.1
1,25245,1.6
3,12747,2.4
1,20575,2.5
1,16053,1.6
1,8351,3.9
1,19411,1.8
1,8952,2.8
1,13666,1.6
2,21270,2.5
2,11056,3.1
1,21501,0.8
4,10974,3.8
4,16321,3.1
3,12476,1.6
1,10380,3.6
3,32014,0.8
2,20432,2
3,19361,3
1,18544,0.8
1,16895,0.8
1,29394,2
3,13950,3.6
2,9447,4.2
2,19452,2.1
3,17376,1.8
3,8978,4.8
2,16073,2
1,17469,3.1
2,23174,2
1,12266,2.8
1,19856,0.8
3,15856,2.1
1,28078,0.8
1,14073,1.6
2,11247,2.7
1,18581,0.8
1,21003,0.8
2,23687,1.8
3,10119,4.4
2,11753,3.1
1,10046,4.3
2,11130,1.8
3,22708,1.6
2,14880,3
4,15742,3.6
4,10598,3.4
2,13773,2.3
3,9687,3.3
1,17413,0.8
3,15762,1.8
3,6586,3.3
2,15773,2.5
1,13529,2.4
3,12146,1.6
2,13873,2.2
1,6432,6.3
1,18734,1.8
2,13425,1.6
1,23280,0.8
1,9731,2.6
3,24157,1.8
3,20808,2.6
3,20018,3.6
3,12280,2.6
3,32256,0.8
1,22338,1.6
1,17225,2.8
1,11430,1.6
2,7609,3.7
3,45637,1
2,10634,3.3
3,28618,0.8
3,16996,0.8
4,12690,4.4
3,23782,1.6
2,8805,2.6
2,9794,3.1
1,18796,0.8
3,19183,1.8
4,6522,2.1
1,11232,2.8
2,16706,2
2,17599,2.4
1,22161,0.8
3,34988,1.8
3,14340,2.1
3,26068,1.8
2,15930,2.5
4,35420,1.6
3,27042,1.8
2,25994,1.8
2,12193,1.8
1,18003,1
3,16998,2.3
3,16277,2
4,19341,2.3
2,12155,1.5
2,31945,1.6
2,8145,2.4
1,9805,3.1
1,16046,2.4
2,8368,4
3,25267,3.1
2,8098,4.9
2,11504,2.6
2,8259,2.1
2,14610,3.3
3,18983,3.3
4,17854,2.8
2,10288,3.1
3,14611,2.8
2,13326,3.7
2,34255,0.8
2,13932,2
2,11311,2.4
4,65021,1.8
2,15520,2.8
1,7392,4.2
2,13552,2
2,22841,2.8
2,11185,2.6
1,8821,2.8
2,9898,4.9
2,13132,2.8
1,12515,1.6
1,20795,0.8
1,10125,3.3
4,16803,4.8
1,9782,2.6
3,15263,3
2,14643,2.7
2,14814,3
3,8722,4.2
3,15165,0.8
3,20100,2.4
1,4631,1.6
1,9286,3.9
2,7945,3.4
4,3909,5.4
1,18636,2
2,9039,2.7
1,9153,2.4
2,12504,3.4
3,13546,2
2,18265,1.8
3,10464,2.8
2,10115,2.7
2,12717,2.2
2,5782,6.2
2,8186,3.2
2,25258,1.8
1,11730,4.2
1,10967,1.6
2,8014,3.2
2,13567,2.5
1,12978,4.8
2,13033,2
1,13199,3
2,11427,3.3
2,9472,4.4
3,35589,0.8
1,33429,2.3
2,15738,2.6
1,16404,0.8
2,6765,2.8
1,28618,1.8
1,29619,0.8
3,40811,1.6
1,30236,2.5
2,25116,3.1
3,19127,2.6
1,15426,1.6
2,16887,2.6
2,19727,1.8
1,6260,6.1
3,45511,1.6
2,8107,2.6
2,11712,3.7
2,11562,1.8
1,14492,3.4
1,7601,6
2,12457,4.6
3,12974,1.8
2,12386,1.6
2,20752,2
2,13324,2.9
2,14981,2.8
2,12218,2.6
2,17662,2.7
2,20985,2.9
3,17014,3.6
1,8689,4.6
2,18431,1.6
3,32629,1.8
2,9137,3.9
3,12083,3.1
3,7470,2
3,28085,1.6
1,12286,2.7
2,8352,4.9
2,30472,2
2,18228,2.9
2,11118,3.5
2,9615,2.8
3,11273,2.6
1,10941,1.6
2,9032,3
1,11862,1.4
2,12711,4.4
3,18026,2.8
2,15460,2.3
1,24159,2.7
2,13784,2
2,13133,2
3,12771,2.9
2,14668,2.1
1,13038,2
3,31908,1.8
2,13483,2.7
2,18256,3.6
1,12389,3
2,9339,4.6
2,8717,3.1
2,10861,2.5
2,18194,2
2,9900,2.6
2,25612,1.8
3,7537,3.1
3,25158,2
3,25840,2.1
1,10941,1.6
2,13531,1.8
3,17272,1.8
4,19552,2.4
1,7704,2
4,26228,1.8
3,20731,2.1
2,10661,4.6
2,17244,2.7
4,17785,4.8
1,15915,2.8
1,12270,2.3
3,24590,1.6
2,15833,3.1
1,15487,2.3
2,12371,2.7
2,29205,1.8
3,9889,3.2
2,29554,2.5
2,8272,3.2
1,13601,1.6
2,12894,1.6
3,27709,1.8
2,11709,1.6
4,5648,8.2
3,18473,2.7
1,23119,1
2,12234,2
2,8931,1.8
3,15891,2
1,17101,0.8
3,11643,1.6
1,11031,2.6
1,4554,3.9
1,32058,3.1
1,44139,0.8
1,25086,1.8
2,19684,3.5
1,16483,1.2
2,8228,3.4
3,12501,2.9
1,6080,6.9
2,12289,2
2,12830,4.2
2,17971,2
3,14178,3
4,8687,4.8
1,44445,0.8
3,15665,3.3
3,22603,2.1
1,21191,1.8
2,19057,3.3
3,15056,2.4
1,16610,0.8
2,16869,2.8
3,10855,2.7
1,25346,1.6
2,15723,2.3
3,19225,4.4
2,27983,1.6
2,6991,5.9
2,15633,3.8
4,22885,2.7
1,19955,0.8
3,13706,2.7
2,9407,3
4,25156,3.6
1,20034,1.8
4,21897,3.3
3,16096,2.6
3,17552,2.6
1,11697,2.6
2,15706,2.4
2,18213,0.8
2,19501,2
2,13882,3
3,16569,3.2
3,20786,2.3
2,39313,1.8
1,24043,1.8
1,11438,3.6
1,14087,1.6
1,18518,1.6
2,10196,3.6
3,14850,2.8
2,36703,1
1,12774,2.9
2,14804,2.3
2,16399,3.4
2,8069,4.4
3,14932,2.6
2,8682,3.5
4,24362,1.8
4,25726,2.6
2,14735,1.8
2,8379,2.9
3,14000,2.1
4,15648,4.8
3,65461,2.7
1,19190,0.8
3,25451,1.8
1,28733,0.8
2,22606,3
2,10446,3
3,28583,1.8
1,23924,1.6
2,15253,2
2,27057,1.8
2,31287,1.8
3,11268,2.5
1,17380,1
3,10263,3.1
2,14454,1.8
1,12113,1.8
2,20149,1.8
2,27026,1.8
1,7522,4.6
1,15907,1.8
3,31535,1.6
4,14630,6.2
2,9206,3.4
4,7254,3.8
1,11888,1.6
2,12855,2
1,16217,1
3,38474,1
1,12814,1.6
2,12167,2.6
3,25374,1.6
4,23869,1.8
2,31961,1.8
3,43471,0.8
2,11849,2.8
3,25911,1.8
2,11410,2.9
1,15519,2.9
3,15287,3.3
2,11238,3.3
2,33283,1.8
2,18682,3.2
2,16070,2.6
3,11606,3.4
2,17148,2.9
1,22139,1.8
2,10319,4.6
3,12713,3.3
2,9874,3.1
1,24461,1
1,14608,1.8
2,27920,0.8
1,23965,1.8
2,25386,1.8
1,12978,2
2,12250,3
1,16439,0.8
3,13747,2.1
2,10624,1.8
1,24069,0.8
1,26175,0.8
2,18656,1.8
3,24963,1.6
2,9993,3.3
2,10669,2.8
2,21534,1.8
3,22651,1.6
1,23636,2.6
3,21897,3.6
2,14609,3.6
1,14021,1.4
1,19567,1.8
2,17795,1.6
1,27531,0.8
1,24855,0.8
2,9025,3.3
2,10860,3.9
2,12209,2.5
2,20143,2.1
4,14111,2.7
1,13048,1.4
1,10405,2.6
2,21217,1
2,16891,2.8
3,28439,1.8
1,17684,0.8
3,15453,2.3
2,17556,1.8
1,11711,1.8
2,14283,1.8
1,14703,2.5
2,10345,3
2,8446,2.9
1,8774,5.8
1,8939,2.7
4,13366,2.8
2,25843,1.8
3,15837,2.3
3,50771,1.6
1,12024,1.6
3,13004,3.1
3,9935,3.2
1,26011,0.8
3,9953,5.2
1,7610,4.1
2,27581,1.8
2,41674,1.8
3,31375,0.8
4,20045,3.4
2,11099,5.2
1,12411,1.6
3,14377,3.1
1,12917,2.5
2,8012,5.2
2,18744,2
3,14994,2.9
2,13161,2.6
3,44373,1
2,11593,3.2
1,8176,2.6
4,16421,2.4
2,8059,4.6
4,35891,1.8
3,36352,1.8
1,56790,0.8
3,17778,3.8
1,19428,1.8
2,14623,2.4
2,12424,3.1
1,7172,3.6
4,20246,3
3,12914,2.5
2,8817,3
3,31729,1.8
4,17063,3
1,8166,4.5
2,10529,2.8
1,25757,1.8
2,12042,3
1,10842,3.3
1,12025,1.6
3,13955,3.4
1,7868,4.6
2,17380,2.8
2,9244,5.1
1,7241,4.3
1,18714,2.5
3,15190,1.8
3,13136,1.8
3,19499,1.8
2,29032,1.8
4,31642,1.8
2,10548,3.4
3,16332,2.3
2,10004,3.4
1,18089,0.8
2,10289,3.3
2,15859,3.4
1,11175,1.9
1,10284,1.6
1,15801,1.6
1,11073,1.8
2,11465,2
3,31795,1.8
1,7896,2.6
4,16508,2.8
3,14882,3.8
3,33088,1.6
2,14310,2.4
2,26518,1.8
2,12778,2.1
4,13798,1.8
3,43563,0.8
2,9769,2.9
2,16560,2.1
2,9955,3.4
2,13153,4.2
2,12932,1.8
2,9946,5
1,9599,4.8
1,6397,3.4
2,11718,2.6
2,11158,4.8
2,14680,2.8
2,11459,3.3
1,12255,2.2
1,11478,1.6
1,16409,1.8
1,13271,1.6
3,37792,1.8
2,9393,2.9
2,10288,3.6
2,13569,2.9
2,5650,3.3
2,10751,2.4
1,37373,1.8
2,17161,2.6
2,14606,2.7
3,11333,3.1
1,9920,2.9
2,9580,2.4
2,13863,2.3
1,9712,5.9
1,16213,0.8
3,47964,0.8
4,31856,1.8
2,10810,2.2
1,15536,3.3
3,6641,3.6
2,14985,2.3
1,14964,1.6
1,16341,0.8
1,16900,2
1,24729,0.8
1,14943,2.9
3,9883,2.3
1,16975,1.8
1,12475,1.8
1,3839,3.7
2,10680,2.6
2,10908,2.8
1,18270,0.8
3,11184,2.5
2,11565,2.6
1,10453,2.4
1,11778,1.6
2,16742,3.4
3,9774,3.4
1,23664,0.8
1,15353,0.8
3,26745,1.8
3,29723,1.8
1,19418,0.8
1,22602,1.8
1,11856,1.8
3,16943,1.8
2,8001,2.8
2,10844,2.8
2,18435,1.8
1,12583,2
2,17921,1.8
1,6829,4.5
2,10814,2.4
3,19585,1.8
4,15022,3.6
2,12699,1.6
4,20653,4.8
3,7967,3.6
1,5865,4.8
3,15051,2.8
4,9340,2.8
3,26197,2.6
3,10992,3.3
1,36807,1.8
3,14592,2.8
2,14419,4.6
2,18332,3.1
1,9934,2.6
4,16544,3.4
2,10802,2.7
2,14039,2
1,7737,3.4
2,13111,4.2
3,31023,1.8
2,7999,4.9
1,14221,1.8
1,28672,1.8
1,16626,2.1
1,38141,1.6
4,19475,2.4
1,17286,0.8
1,13509,2.6
1,16593,3.4
1,22608,0.8
2,18198,1
1,22548,1.8
3,17266,2.3
3,11555,3.4
1,12184,1.8
3,17393,1.8
2,8252,4.4
1,7238,1.8
1,12500,0.8
1,9376,3.2
1,51901,0.8
3,15270,2.4
4,25472,1.8
3,23163,1.8
1,25358,2.6
2,14693,3.6
2,11562,2.1
1,9780,2
3,11459,2.6
3,30026,1.6
1,20549,1.6
2,16361,3.6
3,20679,1.8
2,12579,4.4
1,11372,2.6
1,19864,1.8
3,52958,1.6
1,11305,3.1
1,21075,2.3
4,27022,1.8
1,17919,0.8
2,14723,2.3
1,17379,4.2
1,12739,4
1,11258,3.1
1,10172,3.3
1,13338,2.6
2,12762,2.4
1,12353,1.6
4,32975,1.8
2,28350,1.8
3,8791,3.4
1,31391,0.8
3,15700,2.4
2,20349,2.5
3,26049,1.8
3,18764,1.8
1,12043,2.9
