"","y","x"
"1",1.15027421314781,1
"2",1.57839393011204,1
"3",0.752229249540745,1
"4",2.25435219644935,1
"5",2.32479978238902,1
"6",1.34834735122408,0
"7",0.680189968483098,1
"8",0.807235034754764,0
"9",0.955942308350154,1
"10",1.89961535128398,1
"11",3.24262392000608,1
"12",1.39647471306572,1
"13",2.61668332093882,1
"14",-0.0496685840836952,0
"15",1.42147178954969,1
"16",1.13872175058662,0
"17",0.0208877295421321,0
"18",-1.00296483514543,0
"19",1.96516843521333,0
"20",2.26035723787985,1
"21",0.11636055943991,0
"22",-1.2940787873306,0
"23",2.6022097713993,0
"24",5.29037082127154,1
"25",2.10748040735546,1
"26",2.74980664751119,1
"27",3.12456031207416,1
"28",-0.00180443353860882,0
"29",1.54880377044346,1
"30",0.172878963354804,1
"31",-0.0365782322718722,0
"32",1.32240978288611,0
"33",1.60928401075913,1
"34",0.485788465816923,0
"35",1.78744044849748,1
"36",0.036333017504395,1
"37",1.53762993423167,0
"38",-0.743492888935421,0
"39",0.491429837584352,0
"40",1.46143653794117,1
"41",1.6814061831438,1
"42",2.15996594473579,0
"43",0.11794008208463,0
"44",1.1169024042881,1
"45",0.380346005056155,1
"46",1.09430191838875,1
"47",-0.466184707367739,0
"48",2.3079461962483,1
"49",1.03699575399212,1
"50",2.20404203502814,1
"51",0.553572512152079,0
"52",-0.733562179910805,0
"53",1.1093922142773,1
"54",2.78511245505768,1
"55",1.60307608595457,0
"56",2.70557327430063,0
"57",0.696419691600219,0
"58",0.40417318601786,1
"59",1.13158297298484,1
"60",2.30848850484015,1
"61",2.60013633489472,0
"62",0.810009123439723,0
"63",3.04038682512847,1
"64",1.46808130469226,0
"65",0.731908377882666,1
"66",1.72888734773514,1
"67",2.00526153634768,0
"68",2.77609610959591,1
"69",2.3637961415678,1
"70",2.37711424537688,1
"71",1.4085946997906,1
"72",0.580614686655798,1
"73",3.19542579083131,1
"74",0.479780508333071,1
"75",0.96110408029417,1
"76",2.52896499251984,1
"77",-0.562194549389601,0
"78",1.34812958672721,1
"79",0.717200493217522,1
"80",2.52066355772895,1
"81",1.1463130166381,0
"82",1.12188469327369,0
"83",1.14246477214564,0
"84",1.25724574637894,0
"85",1.33935649197052,0
"86",-0.0686615566742219,1
"87",1.75118363864013,1
"88",2.0124638125519,1
"89",2.62467620264776,1
"90",0.712513923994715,1
"91",1.40039981018409,1
"92",0.826357009248841,1
"93",2.95724021270968,1
"94",3.17907258320933,1
"95",2.68767672535923,1
"96",0.677596617423009,1
"97",2.35195211673665,1
"98",3.05044918638092,1
"99",2.06794098073646,1
"100",1.33389066710403,1
"101",-0.38611824061135,0
"102",1.23469720443984,1
"103",2.61484835594934,1
"104",0.268338899618072,0
"105",2.12761493994009,1
"106",3.1949457956703,1
"107",2.47833494046945,1
"108",3.26467278147354,1
"109",0.198420197339593,1
"110",1.61932372028621,1
"111",1.96506801949219,1
"112",2.47858929160851,1
"113",0.73079337847103,1
"114",1.50618485544729,0
"115",2.20739007616233,1
"116",2.16380601360472,1
"117",2.40848479160505,1
"118",1.78364156012301,1
"119",1.62554609849911,0
"120",2.54822977373149,1
"121",1.7497906258323,1
"122",1.7403770193407,0
"123",0.992558684946182,0
"124",1.36875139943946,0
"125",1.30582235837578,1
"126",2.28043183698592,0
"127",0.696011055650016,0
"128",2.74784276889348,1
"129",0.599883474107309,0
"130",1.6203700930194,1
"131",2.68443824528001,1
"132",-0.884616644591175,0
"133",2.37836614779403,1
"134",1.09356637299481,0
"135",-0.795329369124516,1
"136",2.26837732853326,1
"137",-1.46841774734701,0
"138",1.35980437689272,0
"139",1.44608626661881,1
"140",1.20506317476511,1
"141",0.693153696827335,0
"142",3.27305204498399,1
"143",1.26467692278211,1
"144",2.45810329394878,1
"145",2.24115786842188,1
"146",0.720481370858443,1
"147",-1.04102201733397,0
"148",-0.0925857712391429,1
"149",2.45127421146789,1
"150",0.665257938468702,0
"151",3.75057170361062,1
"152",2.47367510826304,1
"153",2.74969589108261,1
"154",3.23438358533495,1
"155",1.39928090203503,1
"156",2.41009792822849,1
"157",2.76879327024415,1
"158",2.06935168800303,0
"159",2.66265114632637,1
"160",2.32114717303733,1
"161",1.03177595272878,1
"162",2.62956036095769,1
"163",2.40026587241829,1
"164",2.53425025370691,1
"165",2.32364504557226,1
"166",1.69816195529,1
"167",1.82313410156599,1
"168",2.58736411328152,1
"169",2.07163150692454,1
"170",1.06989142567301,1
"171",0.409840880194332,0
"172",-0.619125724176509,0
"173",0.932968097331088,1
"174",0.555388929864483,0
"175",0.101867443625075,1
"176",0.211457525408421,1
"177",3.00256519943608,1
"178",1.32338107578856,1
"179",0.0483082704485123,1
"180",0.587136760571025,0
"181",3.22106926722151,1
"182",1.36225429693464,0
"183",2.34138319835364,1
"184",3.08374591227984,1
"185",-0.071501441100894,0
"186",2.62968919135204,1
"187",1.31291438422114,1
"188",1.90076418636251,1
"189",4.11446531934013,1
"190",1.66943439570926,0
"191",1.46800771371721,0
"192",0.79167208818184,1
"193",1.11376408000529,1
"194",4.1841164802616,1
"195",-0.393300763973311,0
"196",2.11447937528507,1
"197",2.79257105963707,1
"198",2.91875797234226,1
"199",2.98911201091924,1
"200",1.73687101011479,1
"201",1.07901330288,1
"202",1.59274276701136,1
"203",0.997901991460536,1
"204",2.52706874311498,1
"205",3.02035502842611,1
"206",2.82721355249353,0
"207",2.26611438293172,1
"208",1.02521862280631,1
"209",1.72447486299323,0
"210",2.80475889369531,1
"211",1.66175130409717,1
"212",0.342145096127686,1
"213",2.66130989539391,1
"214",1.82914439564163,0
"215",0.404892169294066,0
"216",2.43624281835803,1
"217",1.62410952524949,1
"218",2.58231524513751,1
"219",1.78270928528515,1
"220",1.55532413607994,1
"221",2.01162049819721,1
"222",1.6165946850177,1
"223",1.30898283554572,1
"224",0.384063068757602,0
"225",0.691847847674465,0
"226",2.10749514071847,1
"227",3.43242362162584,1
"228",0.542002169046516,1
"229",1.70038094944706,1
"230",1.33152312778083,0
"231",3.66202090344287,1
"232",1.1260143626155,0
"233",1.8862465835246,1
"234",0.392443090403641,0
"235",2.31430816410829,1
"236",2.88905792019639,1
"237",0.516141689453947,0
"238",2.06376140684656,1
"239",2.11693634414438,1
"240",2.62927763420966,1
"241",1.81138040702469,0
"242",0.979160816939631,0
"243",1.82382932845282,1
"244",3.29466313220858,1
"245",2.06453411760558,1
"246",3.47785197879348,1
"247",0.63807734238045,0
"248",2.51392296419369,1
"249",0.353911405754761,1
"250",1.78760803866259,1
"251",1.87820546003911,1
"252",-0.0583454174165456,0
"253",-0.335892884422299,0
"254",1.64815930255181,0
"255",2.81415873392772,1
"256",0.60126800515354,1
"257",1.12437879493434,0
"258",0.787454680044914,1
"259",0.848926773818442,1
"260",1.22541244826636,0
"261",1.21397599990695,1
"262",2.89347998212221,1
"263",1.93852359907535,1
"264",2.43614897578572,1
"265",1.37637330211384,1
"266",0.748778665056407,1
"267",2.81475224100276,1
"268",2.13807149156271,1
"269",1.66093224054529,1
"270",1.96923532654574,1
"271",3.22590834259925,1
"272",1.20183336537993,1
"273",-0.0494084444631809,0
"274",1.28038494729265,1
"275",-0.884991268209866,0
"276",2.71962813750374,1
"277",2.09236964674425,1
"278",2.10717197421793,1
"279",0.656652645652313,0
"280",1.38983955857589,1
"281",1.07658138622378,1
"282",1.55185640329267,0
"283",0.473815327079848,1
"284",2.34029894196541,1
"285",-0.0926116507576836,0
"286",0.982310214545467,0
"287",1.15930947780985,1
"288",1.37665831731597,1
"289",3.66936591702701,1
"290",2.56828261893351,1
"291",-0.244897024275659,1
"292",0.826412416100317,0
"293",1.44818706374277,1
"294",0.763373812222331,1
"295",0.909785890431194,0
"296",0.829965516019362,0
"297",1.57149342743192,1
"298",3.87270356733745,1
"299",-0.348690066816558,1
"300",1.53821938727849,0
"301",0.410976729537427,0
"302",2.55651341057938,1
"303",0.246002299361318,0
"304",1.3061354375549,1
"305",0.189620333605374,1
"306",1.69055157172726,1
"307",3.17874580135709,0
"308",1.68970220812937,0
"309",2.37557215582683,0
"310",2.81496531831404,1
"311",3.04426270796186,1
"312",2.80287641449911,1
"313",1.1753924317651,0
"314",1.31747122600299,1
"315",1.36706526267652,1
"316",-0.900839996375288,0
"317",1.89418228612001,1
"318",2.79935567585671,1
"319",2.93192255652607,1
"320",1.99513270445542,1
"321",0.152372382778089,0
"322",5.19051744331853,1
"323",2.63668553125042,1
"324",2.12057530487914,0
"325",1.56231935933268,1
"326",1.86204237294541,1
"327",2.34860709770673,1
"328",3.57652231194829,1
"329",1.58852545454387,1
"330",1.55361566678307,0
"331",-1.39481463432023,0
"332",1.39274556591837,1
"333",-0.592009076763313,0
"334",3.0133627173571,1
"335",0.535546911719743,0
"336",1.50962591799326,1
"337",3.26909984619857,1
"338",1.81627285824003,0
"339",-0.198021203467498,0
"340",2.32786648760965,1
"341",-0.52844456851225,0
"342",1.42438497578882,1
"343",3.51657763714695,1
"344",3.35012795133044,1
"345",3.00901875546684,1
"346",1.32909611366968,1
"347",0.0185685297244456,1
"348",0.724301815975842,1
"349",2.85255652462752,1
"350",1.60943211383491,1
"351",-0.26260814556798,1
"352",1.71981251228354,1
"353",2.11023922112458,0
"354",2.54346864051953,1
"355",1.07874145647058,1
"356",-0.845916652065024,0
"357",1.07345277436321,1
"358",1.93452767132152,1
"359",2.78807370091206,1
"360",-0.0399401547902563,1
"361",2.92320175527412,1
"362",1.90545772658802,1
"363",2.46977896960583,1
"364",0.246744436765129,1
"365",0.0333456198778186,0
"366",1.45176581073448,1
"367",2.94389134830903,1
"368",2.92817404739542,1
"369",1.13509045924834,0
"370",3.50421218162388,1
"371",0.184588800254634,0
"372",2.91253719377392,1
"373",0.664059970209281,0
"374",1.23265790382359,1
"375",2.82338003833084,1
"376",3.2811003308495,1
"377",1.57825041618485,0
"378",1.39059654457774,1
"379",1.4302123658449,1
"380",3.277675846806,1
"381",2.25282640641775,1
"382",1.52957397932112,0
"383",0.361298016335693,0
"384",3.16103493646465,1
"385",-0.108755144962193,0
"386",1.32535152086663,0
"387",1.08282503443189,1
"388",-0.562575016585768,1
"389",0.557042489320329,1
"390",2.03629519921016,1
"391",2.78292274962583,1
"392",0.148697916905185,1
"393",0.648575531080474,1
"394",3.66454599657549,1
"395",1.46610065017674,1
"396",1.2057001319306,0
"397",1.37306467862268,1
"398",1.6014171148485,1
"399",0.787244206605237,0
"400",1.91096184279901,1
"401",1.70743978895793,1
"402",1.43020351485626,1
"403",-1.14786088979872,1
"404",2.5686555003337,0
"405",2.49042420824304,0
"406",0.798918258280767,1
"407",0.531892477890032,0
"408",3.27527530471249,1
"409",2.8982900230522,1
"410",3.17660161874577,1
"411",0.828253081840204,1
"412",4.47726809619797,1
"413",0.766540040229672,1
"414",2.65391634188329,1
"415",2.04127598044569,1
"416",0.296289682037969,0
"417",1.52058420181898,1
"418",0.908603187468997,1
"419",3.52265979575681,1
"420",1.98951322776275,1
"421",2.15921794921438,1
"422",0.909632833061035,0
"423",1.52482924693913,1
"424",0.765978755244952,1
"425",0.953726309683961,0
"426",-0.193639449958928,1
"427",0.481433057164385,1
"428",0.823603305061619,1
"429",0.821321137327646,1
"430",2.00718881656708,1
"431",3.49848754832474,1
"432",0.384675855935033,1
"433",2.33367602059661,1
"434",2.79954475332104,1
"435",0.910467797711124,1
"436",1.84720059847752,1
"437",2.72361090262206,1
"438",1.64449089745261,1
"439",1.67931565274879,1
"440",2.20772679121062,1
"441",0.639986746666729,0
"442",0.144347110060782,0
"443",1.76138498053911,1
"444",3.78283979238647,1
"445",2.77366867960603,1
"446",0.985402927172377,1
"447",0.65508237766868,1
"448",1.54001775931739,1
"449",2.02877470094798,0
"450",0.992679118416953,0
"451",-0.00150523684066151,0
"452",1.58223456781802,0
"453",0.566629611277108,0
"454",0.779321500708582,1
"455",2.36119245421179,1
"456",3.42414281017881,1
"457",2.33446829813283,1
"458",2.09200037113893,1
"459",1.24375687158294,1
"460",1.26839853086953,0
"461",-0.370570534890386,0
"462",0.246850975519109,1
"463",1.85664723150625,1
"464",1.86540649420096,1
"465",4.26505553200281,1
"466",-0.516347307891899,0
"467",2.07090632334904,1
"468",2.70505309362219,1
"469",1.75059284411588,0
"470",1.88927551534068,1
"471",-0.0432561414292517,0
"472",0.634215948130013,0
"473",2.63975599193716,0
"474",1.18273900817583,0
"475",-0.144477072558074,1
"476",3.32345912865025,1
"477",2.44050266091508,1
"478",1.86642822816247,1
"479",1.8821363788899,1
"480",1.7502102802066,1
"481",2.15655948095525,1
"482",1.39613306696298,1
"483",2.17701125166001,1
"484",0.968643975179259,1
"485",0.900146875274757,0
"486",3.00683742066645,1
"487",2.4092061136538,1
"488",2.93374967645111,1
"489",-0.390868761802617,0
"490",1.9547927844726,1
"491",1.31725030272206,0
"492",0.831995132266716,1
"493",3.46581433705846,1
"494",0.865191989014738,1
"495",0.86451870850584,0
"496",0.851832330355081,0
"497",0.821670301966854,0
"498",1.68957541635653,1
"499",2.3499367871462,1
"500",0.868835508102537,1
"501",-0.589364188223223,0
"502",0.0454313618867541,0
"503",1.84267589615222,1
"504",1.95674782035705,0
"505",2.28745413986454,0
"506",2.21948146254475,1
"507",2.28159162269315,1
"508",0.456355116360555,0
"509",0.748053084053034,0
"510",0.495454138898208,1
"511",2.18993372889576,1
"512",0.164446417706255,0
"513",2.23467877310055,1
"514",1.5540186608455,1
"515",1.23838426516355,1
"516",1.68088862319795,1
"517",1.53309508936629,1
"518",1.79457820784237,0
"519",2.10920808243713,1
"520",2.33249142615322,1
"521",0.659146414199223,1
"522",3.39682170962802,1
"523",0.859370441160762,0
"524",1.04371859659675,1
"525",2.20904664544682,1
"526",2.77043402984488,1
"527",-0.683677138301561,0
"528",3.59010697003056,1
"529",1.74196929482164,1
"530",3.02117078064864,1
"531",1.97226131908891,1
"532",0.367577155433276,0
"533",-1.13492004662686,0
"534",0.799827781412809,1
"535",0.658659700082569,0
"536",1.52785254511714,0
"537",0.0183213458454279,1
"538",3.27544111232424,1
"539",3.29899046430298,1
"540",0.756683744089059,1
"541",1.17230056219311,0
"542",0.866360786645789,1
"543",1.77480002131172,1
"544",1.62866273884668,0
"545",2.76833964769877,1
"546",1.05082539636652,1
"547",1.51336354552443,1
"548",0.923836429002834,1
"549",2.23954365990491,1
"550",0.340924835566227,1
"551",-1.92932544155136,0
"552",3.36981228187286,1
"553",2.97347291299472,0
"554",0.244966459761171,0
"555",2.66110248709489,1
"556",1.89249721629028,1
"557",3.37431379971599,1
"558",1.25414393256938,0
"559",2.10366396511615,1
"560",0.100863548234128,1
"561",2.98295568079775,1
"562",1.54914638495314,1
"563",0.496509915284973,1
"564",1.69820333508667,1
"565",1.7732218402077,1
"566",2.95920687266615,1
"567",0.732603967736004,1
"568",1.34235637268156,1
"569",3.38811992838316,1
"570",2.05866576877003,0
"571",3.06321454390236,1
"572",3.56152394534788,1
"573",2.1040309798299,1
"574",0.118116313130225,0
"575",2.45520406186342,1
"576",2.95872312582593,1
"577",3.11363327147105,0
"578",-0.0649823327111878,1
"579",2.17323570306682,1
"580",2.55479458286965,1
"581",1.84540134463962,1
"582",0.342177751514888,1
"583",2.64150089208624,1
"584",-0.0790857412639194,0
"585",1.20586149883051,0
"586",2.80755170601785,1
"587",3.18395701047459,1
"588",-0.857863797385569,0
"589",2.98174184817912,1
"590",1.14301864305398,1
"591",0.610980526151039,1
"592",3.21432066591943,1
"593",3.04625997326498,1
"594",0.457416732294996,0
"595",2.65954070623834,1
"596",1.03967425857694,1
"597",0.548968420947956,0
"598",1.80627676623913,1
"599",0.419259945495996,0
"600",2.63409873649724,1
"601",2.23732753549595,0
"602",0.244228937221098,0
"603",1.86734154764427,1
"604",2.3367573491655,0
"605",1.57095802947346,1
"606",-1.9040381706071,0
"607",2.41398378644793,1
"608",1.01353198888874,1
"609",-0.298538406003926,0
"610",3.32081681358485,1
"611",4.34799800701523,1
"612",-0.339782541403543,0
"613",2.93102518166676,1
"614",1.80585216163037,1
"615",2.04180745922045,1
"616",1.9222367014564,0
"617",2.11367451844107,1
"618",-0.151365353860758,0
"619",1.42959112525714,1
"620",1.38613525529887,0
"621",-0.435947331859901,1
"622",2.99524438184847,1
"623",0.332849901167759,1
"624",0.721931062818382,0
"625",0.50964102240804,0
"626",3.19306948602434,1
"627",2.08884931505663,1
"628",2.00193913490521,1
"629",1.3981358088586,0
"630",1.07298544380957,1
"631",1.70410114393362,1
"632",3.07758441380777,1
"633",2.58347362097985,1
"634",0.624503293247473,1
"635",2.53795636741088,1
"636",0.522410375396279,1
"637",1.30168919628033,1
"638",1.91092038385701,0
"639",-1.55104517544585,0
"640",0.120985809119172,1
"641",3.20137267282642,1
"642",1.08520721594735,1
"643",3.14370701857891,1
"644",1.73174979924389,1
"645",1.12777567836292,0
"646",2.71327888962924,1
"647",1.24878813063996,1
"648",1.59540907685339,1
"649",1.48490283035436,1
"650",3.51608427602238,0
"651",0.826147069097579,0
"652",2.37280042311109,1
"653",1.55924645905905,1
"654",1.65820935734539,1
"655",3.27875466885731,1
"656",0.361116330462609,0
"657",1.92013630276076,1
"658",2.27696216414107,1
"659",0.268276254962123,0
"660",3.85906415617703,1
"661",0.471540387778827,1
"662",3.91129297984563,1
"663",1.54840811112082,1
"664",3.25711964684949,1
"665",-1.29917741100747,0
"666",2.85608062142845,1
"667",2.77643126497686,1
"668",-0.571216971560086,0
"669",1.13167612151037,1
"670",0.893524845470222,0
"671",3.04383542879701,1
"672",-0.0659993040286743,0
"673",1.6758740009467,1
"674",3.47134693497734,1
"675",-0.427347240851492,0
"676",2.84779398071686,1
"677",1.1487681892349,0
"678",0.794185471443674,1
"679",1.23213215782622,1
"680",2.6832775103022,1
"681",2.14895943271213,1
"682",2.12509827746748,0
"683",1.29821603790841,1
"684",-1.01448769637948,0
"685",2.94782692647826,1
"686",1.29137838156587,1
"687",0.820340526822556,0
"688",3.6190418138518,1
"689",1.6495859476888,1
"690",3.44955532739698,1
"691",-0.397139649932446,0
"692",2.82551123611624,1
"693",2.146799211871,1
"694",-0.0367715393514504,0
"695",0.619991061110345,1
"696",1.97664366359451,1
"697",0.955164762454082,0
"698",0.977446817034678,0
"699",1.23685602223155,0
"700",1.43951443402329,1
"701",1.38839627781042,1
"702",2.13693787912763,1
"703",1.3584108283783,1
"704",1.91922764704307,0
"705",0.874135875106149,0
"706",1.28473168390352,1
"707",0.0931070359146722,1
"708",1.25631889410396,1
"709",3.94601885213282,1
"710",1.33923757886894,1
"711",1.06400069414714,1
"712",2.55294750277785,1
"713",1.14129312484293,0
"714",2.65162905659128,1
"715",0.422024914844663,0
"716",3.02265421625967,1
"717",-0.47260886019801,0
"718",1.85112323202634,1
"719",1.19585966278204,1
"720",2.58075863801718,1
"721",0.830006761402136,0
"722",3.00970808177014,1
"723",2.75850086898135,0
"724",2.04065553172498,1
"725",0.165383347801618,0
"726",1.0764832734813,1
"727",1.63696601776936,1
"728",1.83039816363962,1
"729",3.89180191472057,1
"730",0.770890457262232,1
"731",0.806782563475118,1
"732",1.49203330968222,1
"733",2.48755946349831,1
"734",2.72111185973741,1
"735",0.992065300758153,1
"736",2.02703860634959,1
"737",0.657107022102423,0
"738",1.89520647042577,0
"739",1.78919223650205,0
"740",1.58771930556548,1
"741",1.94599376666192,1
"742",2.55272261340154,1
"743",0.246507363403034,1
"744",1.58972903451995,1
"745",2.47487288400248,1
"746",0.176767845619882,0
"747",1.84008179865181,1
"748",1.87899246456629,1
"749",1.17634678568369,1
"750",0.905520163821609,1
"751",1.70013276500187,1
"752",1.55297217719291,1
"753",2.73409506566145,1
"754",3.42988221249492,1
"755",1.88807762063335,1
"756",2.29867199249155,1
"757",1.82958468609427,1
"758",1.30135984388113,0
"759",2.1184954622788,1
"760",2.13659550186021,1
"761",3.012915127616,1
"762",0.912578850604545,1
"763",2.14786401312549,0
"764",2.24911241217983,1
"765",2.08082201071219,1
"766",1.33975814886942,1
"767",1.73612240841747,1
"768",2.27368480443044,1
"769",-0.163714257398422,1
"770",1.29847805116191,1
"771",2.48599161230581,1
"772",1.60551821364822,1
"773",1.09947245451574,1
"774",1.26430546886501,1
"775",2.13574903241404,1
"776",-0.934832384847509,0
"777",2.77122924058221,1
"778",-1.46893467443595,0
"779",1.39666047768444,1
"780",1.11281752102651,1
"781",0.651399790451581,1
"782",0.822092659887046,1
"783",0.950077353605602,0
"784",1.78022596878412,1
"785",0.39914736754714,0
"786",-0.420763775581856,1
"787",0.575679288504214,1
"788",0.568692887537297,0
"789",1.02196484698694,1
"790",1.10323106968899,1
"791",1.7495407129977,0
"792",2.07558834851734,1
"793",0.85615537836123,1
"794",1.43130398499779,1
"795",1.61509651844913,1
"796",0.0197048187648968,0
"797",0.935946389505436,1
"798",1.84819591799961,1
"799",2.64119471951976,1
"800",2.12685200356729,1
"801",1.69985298728424,1
"802",2.28782024476882,1
"803",2.6939183670515,1
"804",1.75948604175164,1
"805",2.35580519894587,1
"806",-0.445572907085964,0
"807",1.65034931183113,1
"808",0.279701724505958,0
"809",2.09566450356004,1
"810",1.05731951384298,0
"811",0.576382021002662,0
"812",-0.0662142227898017,0
"813",0.970285783215281,1
"814",2.17852061060208,1
"815",3.25683685227542,1
"816",-0.0871355949296952,0
"817",1.51520132770281,1
"818",2.23068056025194,1
"819",0.14537954993717,0
"820",2.02157231482045,1
"821",0.65240388302164,0
"822",1.12374840943332,1
"823",2.73144125113831,1
"824",1.54630783722297,0
"825",2.9241395066572,1
"826",3.16799658618238,1
"827",1.39363821207742,1
"828",0.235518103491695,0
"829",0.96121800049174,0
"830",2.53008097655163,1
"831",0.360373843775096,0
"832",1.47665519159952,1
"833",0.0817284724453481,0
"834",2.18220189072674,0
"835",-0.608166352041475,1
"836",1.73242196621612,1
"837",1.93821287705353,1
"838",-0.35960960299357,0
"839",2.28542589482064,1
"840",-0.0670876838101064,1
"841",2.85496886111192,1
"842",0.236639415129404,1
"843",-0.302734880097026,1
"844",1.13643617420797,1
"845",0.862080393912321,0
"846",0.0484328352358356,0
"847",1.34071300472238,1
"848",2.23320497505778,1
"849",0.841099078511548,1
"850",1.81415045423953,1
"851",2.39793299292939,1
"852",2.33398965670861,0
"853",1.1794518812402,0
"854",3.61476299216676,1
"855",2.35316003352972,1
"856",0.69675887317464,0
"857",-0.356534856249394,1
"858",-0.524658551930643,0
"859",0.381037376261777,0
"860",2.61227045585378,1
"861",0.37748642682183,0
"862",1.24364862125484,0
"863",-0.363811351838741,0
"864",1.62587028264944,1
"865",2.11700603247715,1
"866",0.340614281834389,0
"867",0.81283169498315,0
"868",1.22925197394674,1
"869",2.2743452232595,1
"870",1.81894510748874,1
"871",0.652950653346871,0
"872",-0.0487870864461455,1
"873",0.0263314187212592,0
"874",0.410355915101752,1
"875",0.294281942379696,1
"876",0.206116899154764,0
"877",1.7392016322544,1
"878",0.983600225800619,0
"879",1.79126265030032,0
"880",1.14440029692258,0
"881",1.71207034075848,0
"882",1.37368971236547,1
"883",0.392159826811213,0
"884",1.78516888442625,0
"885",0.701207183938104,0
"886",0.219755284316626,1
"887",-0.146555519092125,0
"888",2.90759205983273,1
"889",1.28926274232254,1
"890",1.03344413277712,0
"891",1.91422269568064,1
"892",1.40364239265034,1
"893",0.349213607593619,0
"894",1.09172054785809,0
"895",2.10957882889225,1
"896",1.93467013989917,0
"897",0.500180215565063,0
"898",0.976791957973318,1
"899",2.06590310157944,1
"900",2.60533455324418,1
"901",2.98196695572699,0
"902",0.236316986896266,0
"903",1.57364642809173,1
"904",2.78249321039795,1
"905",3.18128612650446,1
"906",1.24131814339502,1
"907",2.56457045494441,1
"908",1.33484248595766,1
"909",0.937821729757761,1
"910",2.52336090190026,1
"911",2.00649777220107,1
"912",1.08933087814222,0
"913",0.119496503278049,0
"914",3.69497795592676,1
"915",2.56528800904771,1
"916",1.52559757434797,1
"917",2.60274893101046,1
"918",0.685485616106322,1
"919",1.76224987305077,1
"920",3.30335789868052,1
"921",0.511160688395656,0
"922",2.81049037199555,1
"923",0.478077999810088,0
"924",-0.398026400306223,1
"925",-0.180212545566097,0
"926",2.12273568903497,1
"927",3.34655271093401,1
"928",1.30659787499917,1
"929",2.17597901138255,1
"930",0.935180710520433,1
"931",-0.316456241333799,0
"932",1.12268335658318,1
"933",2.06906206733358,0
"934",2.8403100899109,1
"935",2.4936651573177,1
"936",3.01546255343648,1
"937",1.47557500326649,1
"938",2.65957693689312,1
"939",0.909629277871549,0
"940",0.850899075187183,1
"941",1.06893777771826,1
"942",0.750052931919146,0
"943",2.10563006149654,1
"944",1.57864158133902,1
"945",0.903508756213463,1
"946",-0.190891940489157,1
"947",2.3252354794411,1
"948",1.6047282908629,1
"949",2.44916088318128,1
"950",-0.845891813250164,0
"951",-0.553335935312442,0
"952",1.78866812532803,1
"953",0.487186464368297,1
"954",-0.0829538507207113,1
"955",2.68359540783357,1
"956",2.80086933974953,1
"957",0.870036357995497,1
"958",1.62794273143341,1
"959",0.766027094828746,1
"960",1.01642691675298,0
"961",0.670321698998008,0
"962",1.03053954904063,1
"963",-0.0742175438961855,0
"964",0.837918806571803,1
"965",2.33637426219254,1
"966",2.4710088478141,1
"967",2.27647489441589,1
"968",-0.142889697415977,0
"969",0.113830371764728,1
"970",1.23087566315447,0
"971",1.72294105260568,1
"972",1.8606076500285,1
"973",1.73212798487339,0
"974",1.0064841655984,1
"975",3.04401532568501,1
"976",0.286808504787071,0
"977",1.18681217824399,1
"978",1.69425385618243,1
"979",2.29001972884285,1
"980",1.69278435474428,1
"981",0.999492779452141,1
"982",1.61837572120922,1
"983",-0.64193110113798,1
"984",1.39148831812756,1
"985",1.15596621753903,0
"986",1.73074022546791,1
"987",2.58832772226123,1
"988",2.38598243397446,1
"989",2.54564674635559,1
"990",2.55604494502548,1
"991",-1.03858076137427,0
"992",0.704159680018443,0
"993",3.53006733460683,1
"994",1.41951477295558,1
"995",2.35280244242056,1
"996",2.04339373097994,1
"997",2.45701222518802,1
"998",1.62796988282949,1
"999",0.0517007034839977,0
"1000",1.97196084436564,1
"1001",2.10781483070341,1
"1002",1.71466771031614,1
"1003",1.93144066502645,1
"1004",1.11135193369078,0
"1005",-0.076183890462463,0
"1006",3.03967765719806,1
"1007",2.90076027074659,0
"1008",3.37720532873484,1
"1009",1.44558214929243,1
"1010",0.0771127309675528,1
"1011",1.9541979571096,1
"1012",1.58027322060407,0
"1013",2.67810669793567,1
"1014",-0.529746774711743,0
"1015",-0.413148510743412,0
"1016",2.03374463487764,1
"1017",2.52608134537685,1
"1018",2.77293166385546,1
"1019",2.71639197893896,1
"1020",0.932024508033511,1
"1021",0.587394943800014,1
"1022",-0.112519777959285,1
"1023",2.40493269772782,1
"1024",1.52811156576943,0
"1025",2.23585068882504,1
"1026",-0.359124446011313,0
"1027",3.46771674994935,1
"1028",1.52985337563661,1
"1029",3.67903836149569,1
"1030",1.25140200508058,0
"1031",1.89031064508552,0
"1032",2.23060222629441,1
"1033",1.83534777190012,1
"1034",0.887451931626785,1
"1035",0.141485809808641,0
"1036",0.652892163723575,0
"1037",2.18207406798504,1
"1038",1.8667807876689,1
"1039",1.72202801090658,1
"1040",0.883485516942061,0
"1041",1.37562795740248,1
"1042",0.16406254366049,0
"1043",-0.755704701656024,0
"1044",1.54627147026801,0
"1045",1.94693236800152,1
"1046",0.616375766572652,0
"1047",-0.0409186147749165,0
"1048",0.452226136097593,0
"1049",0.813217144298703,1
"1050",0.850702647647251,1
"1051",-0.018951771706595,1
"1052",1.68169877264844,0
"1053",2.0259640821453,1
"1054",0.783223624445569,1
"1055",3.0637866037459,1
"1056",2.52459168336912,1
"1057",2.64238227458466,1
"1058",0.474229433057182,0
"1059",1.47712799341434,1
"1060",0.601947097993507,0
"1061",1.10469065623758,0
"1062",2.69991460664112,1
"1063",3.48946914995693,1
"1064",1.39092959586273,1
"1065",-0.315564748151481,0
"1066",2.00085866561043,1
"1067",3.72210418529039,0
"1068",1.4713841549163,1
"1069",3.04568121778476,1
"1070",1.65690179041491,1
"1071",1.42145676223612,1
"1072",1.18958287779244,1
"1073",1.6887553722824,1
"1074",2.34178447087543,0
"1075",2.20184672056344,1
"1076",2.38732912321528,1
"1077",2.73873579243226,1
"1078",3.971741512886,1
"1079",2.67561884207953,1
"1080",0.472888647048066,1
"1081",0.866488664533854,1
"1082",0.310544886408174,1
"1083",-2.14854676989379,0
"1084",3.19073392779261,1
"1085",1.40627612571759,1
"1086",2.29497067770602,1
"1087",3.08161785314391,1
"1088",1.38816730541953,1
"1089",0.565032351337779,0
"1090",1.05025617952445,0
"1091",2.12587922181762,1
"1092",1.1256847504119,1
"1093",2.63081561000659,1
"1094",1.24563552824247,0
"1095",0.411550704078509,0
"1096",-0.522380910859003,0
"1097",1.33333359556859,0
"1098",3.327519655915,1
"1099",3.28051749338936,1
"1100",2.77263456679534,1
"1101",0.216864931347728,0
"1102",1.36865308050945,1
"1103",1.3123152434141,1
"1104",0.288302131012497,0
"1105",1.40918562125338,0
"1106",0.956396753535657,0
"1107",0.0436394136951983,1
"1108",0.039412370185546,1
"1109",0.677165906265648,0
"1110",2.04993874728104,1
"1111",-0.407474342035292,1
"1112",1.08355277418789,1
"1113",1.92756115169668,1
"1114",2.16178591517648,0
"1115",-0.112868728322284,1
"1116",-0.555444277981978,0
"1117",0.819693152781776,1
"1118",2.07539607864885,1
"1119",1.03083922141425,0
"1120",1.57931076869961,1
"1121",-0.912328687949986,0
"1122",1.26944758313568,1
"1123",1.33951401334411,1
"1124",1.69741871558298,1
"1125",3.52288518113168,1
"1126",0.0232294695620039,0
"1127",1.97626440513869,1
"1128",1.19460165837309,1
"1129",0.659772150956081,1
"1130",2.5359478978686,1
"1131",-0.350628679652747,0
"1132",4.63520918962219,1
"1133",1.99256293782721,1
"1134",0.760253576078676,0
"1135",0.633454788989139,0
"1136",3.74364554004006,1
"1137",2.56392711040361,1
"1138",0.449009356252031,0
"1139",-0.466189806610836,0
"1140",-0.338727760717444,0
"1141",1.11501069466269,1
"1142",1.91494843097831,0
"1143",1.7110184242291,1
"1144",1.14280137732017,1
"1145",2.69205947788027,1
"1146",3.24518001902217,1
"1147",0.00546851592868458,0
"1148",0.255067455957626,0
"1149",1.04528418672379,0
"1150",1.89515556346403,1
"1151",1.10636647148478,0
"1152",2.41419852577143,0
"1153",0.639613445879036,0
"1154",1.61929773246576,1
"1155",1.18541446089446,0
"1156",1.85065547026004,1
"1157",1.32776506153279,0
"1158",1.67602884857974,1
"1159",2.34352271440111,1
"1160",-0.863740707567892,0
"1161",1.91390365830339,1
"1162",1.38378401271632,1
"1163",0.709457424482471,1
"1164",1.48693079216297,1
"1165",2.27199494542291,1
"1166",0.792342964020464,0
"1167",1.39348376252113,0
"1168",2.84089924315355,1
"1169",1.52846402972786,0
"1170",0.375510823524652,0
"1171",0.571843801942944,1
"1172",1.61966503008764,1
"1173",3.06965543651082,1
"1174",1.77852363509193,1
"1175",0.262708348954882,1
"1176",2.39138322286978,1
"1177",2.18181931069337,1
"1178",1.49939664480782,1
"1179",2.073361502856,1
"1180",3.26938766954533,1
"1181",3.19919609375684,1
"1182",1.44370310645454,1
"1183",0.710664861858056,0
"1184",0.445910855065759,1
"1185",1.17224667403126,1
"1186",3.90824039746518,1
"1187",2.19800968551095,0
"1188",1.67074527471687,1
"1189",1.20753485469723,1
"1190",-0.666623297168402,0
"1191",4.0260518537637,1
"1192",2.01462972483847,1
"1193",1.30605109063288,1
"1194",1.77806733795125,0
"1195",0.800414167141086,1
"1196",2.62656419760645,1
"1197",3.3408703022386,1
"1198",0.489829840378335,0
"1199",3.35128094388337,1
"1200",2.54155143140925,1
"1201",1.22119238112004,1
"1202",1.27431273634746,0
"1203",1.19548547371107,1
"1204",1.36601594277006,1
"1205",2.67438460661766,1
"1206",1.4243786046612,1
"1207",0.67557262111315,0
"1208",2.91900809628437,1
"1209",-0.505580395598556,0
"1210",3.49529386747203,1
"1211",3.941955459993,1
"1212",2.51448125004331,1
"1213",1.12193117413682,0
"1214",1.40357833230677,1
"1215",2.39096141282604,1
"1216",1.39801783039649,1
"1217",2.18816981825162,1
"1218",1.21337399175887,1
"1219",2.6884037860305,1
"1220",2.59136884096369,1
"1221",1.94299900805133,0
"1222",3.88220971242917,1
"1223",1.25355816538085,1
"1224",1.66618929222735,0
"1225",0.47273255290479,1
"1226",0.242516241351976,0
"1227",2.84546668460846,1
"1228",-0.038389150369058,0
"1229",1.0456406998779,0
"1230",-0.200444693895271,0
"1231",0.329649295884941,0
"1232",1.85920307354994,1
"1233",0.0876812335939559,0
"1234",-0.0458520898163672,1
"1235",2.14309632952758,1
"1236",2.37490009540453,1
"1237",2.03671457406114,1
"1238",1.41125227431169,1
"1239",1.60020365726044,0
"1240",1.77753566006142,0
"1241",-0.473670856049918,1
"1242",3.02457483752911,1
"1243",0.120452252846489,1
"1244",0.355449637564572,0
"1245",0.790826886240723,1
"1246",1.26989421707691,1
"1247",3.21688376872424,1
"1248",2.43451338828407,1
"1249",1.19389808574188,0
"1250",-0.177992431344813,1
"1251",0.896325342741564,0
"1252",1.3288031538739,0
"1253",2.76094714339362,1
"1254",0.926752649524771,1
"1255",2.83754305203066,1
"1256",0.504794221704733,1
"1257",2.43874301887633,0
"1258",1.10136570975646,1
"1259",2.66502438676935,1
"1260",1.01791134513544,0
"1261",0.836399482387114,1
"1262",3.0442586560686,1
"1263",1.93337684262739,1
"1264",1.51840777484785,0
"1265",2.11819208582221,1
"1266",2.76849725240991,1
"1267",1.92168052089808,1
"1268",1.81522864969301,0
"1269",1.54781913508887,1
"1270",2.4272883182488,1
"1271",2.27857152224394,1
"1272",1.54385977709838,0
"1273",1.27895750504313,1
"1274",2.07769149786787,1
"1275",1.31983492086815,1
"1276",1.60863782573344,0
"1277",1.26331362052492,1
"1278",3.63223869637675,1
"1279",1.49037160203912,0
"1280",1.88629202114616,1
"1281",1.90619647520582,0
"1282",1.81540905986175,1
"1283",2.46326228163603,1
"1284",2.4281944000151,1
"1285",2.32303843241033,1
"1286",0.103235770290889,0
"1287",0.649155722398803,1
"1288",0.21839929022617,1
"1289",1.44370364099873,1
"1290",2.58279319220247,1
"1291",1.66096251649718,1
"1292",-0.503350933467941,0
"1293",4.05647760195008,1
"1294",1.40200942304861,0
"1295",2.64661810026563,0
"1296",3.11303635372129,1
"1297",1.28862088163549,1
"1298",0.288078796753214,0
"1299",0.459319021730288,1
"1300",2.64047345310968,1
"1301",3.52365925222734,1
"1302",0.979515121927402,1
"1303",0.697802353180824,1
"1304",1.58267806836448,0
"1305",0.383520964399269,1
"1306",3.82161155776854,1
"1307",2.47213577780625,1
"1308",-1.01489505383856,0
"1309",2.25491889573242,1
"1310",2.00518186581099,1
"1311",-0.568413533184672,1
"1312",1.85814196967605,1
"1313",1.31273923213296,1
"1314",1.01270300724275,1
"1315",2.13871681975068,1
"1316",2.75089030229381,1
"1317",3.62700883321405,1
"1318",-0.732507646095412,1
"1319",1.44361132780996,0
"1320",0.947648888664708,1
"1321",1.85633016538051,0
"1322",2.24586167415784,1
"1323",2.14495717206043,0
"1324",0.417238694243343,1
"1325",2.39463129762884,1
"1326",2.19515933803463,1
"1327",2.94786224591943,1
"1328",1.668831491365,1
"1329",3.04401684592874,1
"1330",0.255039124524119,0
"1331",1.47076259610689,1
"1332",1.92537930145578,1
"1333",0.830747827617705,1
"1334",1.44342835916571,1
"1335",3.01000382848242,1
"1336",3.55182870430573,1
"1337",3.01425467962836,1
"1338",0.275134824811418,0
"1339",2.21847988553962,1
"1340",0.798489648944743,0
"1341",0.640972527064202,1
"1342",2.15740821114071,1
"1343",1.07570667232819,1
"1344",0.839375781052862,1
"1345",2.62550546136591,1
"1346",-0.00793188710634107,0
"1347",1.75595124949038,1
"1348",0.926284423118566,1
"1349",0.75594442585314,0
"1350",2.39234655315049,1
"1351",2.40254525466691,1
"1352",-0.375257977229388,0
"1353",3.15804225002658,1
"1354",3.39297171304439,1
"1355",2.27291042641075,1
"1356",2.05747954788435,1
"1357",1.97734290332108,1
"1358",0.957545945939747,0
"1359",2.27642358872264,1
"1360",2.03682361894817,1
"1361",1.35382317091473,0
"1362",1.56423145762247,1
"1363",3.02934492850217,1
"1364",1.86231718822938,1
"1365",0.144305983463837,1
"1366",1.8002796306166,1
"1367",2.34702045265387,1
"1368",3.1300316728337,1
"1369",0.760210432615108,0
"1370",-0.0400692016710018,1
"1371",1.90483176592536,1
"1372",-0.499211921967474,0
"1373",0.923894296350251,1
"1374",0.874372948765032,1
"1375",-0.0992269245125627,0
"1376",3.03712909055669,1
"1377",1.06847110045616,1
"1378",1.46093722604703,1
"1379",0.884173461400253,0
"1380",2.79037962557919,1
"1381",0.0332949899250153,0
"1382",1.07377613613,1
"1383",1.38138427778616,1
"1384",0.728281300766624,1
"1385",2.82003334946981,1
"1386",-0.281958134098944,1
"1387",1.3723079226451,1
"1388",0.458859977906125,1
"1389",-0.0567847841897759,1
"1390",1.92865819707926,1
"1391",3.43823566132278,1
"1392",3.53464035479982,1
"1393",0.137223791647235,0
"1394",1.20304429148176,1
"1395",1.36177369652841,1
"1396",1.41011023178385,0
"1397",-0.661696962980022,1
"1398",0.94770047442229,0
"1399",1.49445961899245,1
"1400",1.1560615031489,1
"1401",-0.106120031320124,1
"1402",1.69417358221705,1
"1403",0.250943227544133,1
"1404",1.88469212680766,1
"1405",1.00509832248658,1
"1406",1.94631972418357,1
"1407",2.36100407938378,1
"1408",1.39626123280206,1
"1409",0.877601543783997,1
"1410",1.28825777096969,1
"1411",0.0326064967855065,0
"1412",0.40672417094453,1
"1413",1.1193817860938,1
"1414",1.70659486514285,1
"1415",0.479166690200601,0
"1416",2.22954173988729,1
"1417",1.99187572312354,0
"1418",2.23367103166387,1
"1419",3.37578697474206,1
"1420",1.25207403527969,1
"1421",2.05066841000033,0
"1422",2.49340890781761,1
"1423",-0.491708885234032,0
"1424",2.30217101248522,1
"1425",0.662307159430523,1
"1426",2.84723067569171,1
"1427",1.36025385497242,1
"1428",1.66388981296338,1
"1429",1.22046351105677,1
"1430",-0.152178292364297,0
"1431",3.60213970919678,1
"1432",2.89180452290277,1
"1433",2.57521307702745,1
"1434",1.97361995900394,1
"1435",2.63633381455181,1
"1436",1.36171277691595,0
"1437",3.50352059838129,1
"1438",1.55003977821244,0
"1439",0.493810993542486,0
"1440",0.485107056740104,0
"1441",1.43192743566387,1
"1442",1.53626143918417,1
"1443",1.66331606050447,1
"1444",1.92288074959827,0
"1445",-1.62835963269809,0
"1446",-0.00184582841034142,0
"1447",0.567119280633343,0
"1448",0.6167415962468,1
"1449",3.51910061010553,1
"1450",1.66605169898814,1
"1451",0.783081868786408,1
"1452",1.00838621318932,1
"1453",1.57239516251344,0
"1454",3.76900934050409,1
"1455",0.575731496187759,0
"1456",2.00702880737631,1
"1457",0.951464939944896,1
"1458",2.01664471072918,0
"1459",1.42265692634597,0
"1460",-0.429253462857532,1
"1461",1.25476745418247,1
"1462",0.465882505658471,0
"1463",0.791839326619475,1
"1464",0.426775824397843,0
"1465",0.766558845735805,1
"1466",2.25930795373057,1
"1467",2.23564476386514,1
"1468",2.71098435313938,1
"1469",1.11645613593357,0
"1470",2.29411403885386,0
"1471",1.5138621227119,1
"1472",-1.45330336743643,0
"1473",1.92565921307989,1
"1474",2.5498488450255,1
"1475",1.4987644004872,1
"1476",2.10087647763291,0
"1477",2.99476867868607,1
"1478",2.43749329892122,1
"1479",0.769774757774611,0
"1480",1.34849936680621,1
"1481",1.72305663221806,1
"1482",2.36917784766993,1
"1483",1.66779678824769,0
"1484",1.60388534318567,1
"1485",1.17174674157636,1
"1486",4.3756058618661,1
"1487",2.4185571703497,1
"1488",-0.203603205337453,0
"1489",2.83097905634325,1
"1490",1.96168649789785,1
"1491",2.72678924852163,1
"1492",1.95179695256083,1
"1493",1.84157094875479,1
"1494",1.99061162071226,1
"1495",2.31278079705255,1
"1496",0.0899142684560695,0
"1497",0.0446367697268601,0
"1498",1.71522079386064,1
"1499",2.07130143163709,1
"1500",1.5826235447306,1
"1501",2.2169845624579,1
"1502",0.798264587398002,1
"1503",0.469041547132623,1
"1504",2.59201063250808,0
"1505",2.29787711306031,1
"1506",0.302971866605421,0
"1507",1.62004215150964,1
"1508",2.68511853104356,1
"1509",0.489679185770644,0
"1510",0.892114963876683,0
"1511",0.435274373901549,0
"1512",1.39860894206324,1
"1513",2.50218981352026,1
"1514",2.04149455835015,1
"1515",3.20181266697034,1
"1516",0.774603142325257,1
"1517",0.564692593950605,0
"1518",1.69101105118021,1
"1519",-0.374862333913673,0
"1520",1.69785872625827,0
"1521",0.592600250925856,0
"1522",0.514442009568533,1
"1523",1.30785937260578,1
"1524",0.794666439353905,1
"1525",1.73908851261442,0
"1526",4.44290445686211,1
"1527",0.0262841808635886,0
"1528",1.8077699918982,1
"1529",2.17973503429066,1
"1530",3.40895941900681,0
"1531",-0.429003463675738,1
"1532",1.38604426430368,1
"1533",0.697205242772256,1
"1534",1.67237519376309,1
"1535",1.62410078241399,1
"1536",1.17019119397507,1
"1537",3.73415571752355,1
"1538",0.957065337064977,0
"1539",3.09358537418796,0
"1540",2.72361662621835,1
"1541",-0.565312150256037,0
"1542",1.14650878493182,1
"1543",2.17303841916295,1
"1544",1.32210105891496,1
"1545",2.25428968907761,1
"1546",2.63257264195822,1
"1547",2.32112227665107,1
"1548",1.76538716582915,1
"1549",1.25646106613742,1
"1550",-0.589320689164165,0
"1551",2.24089489859831,1
"1552",1.6223356740929,0
"1553",1.82033059025482,1
"1554",2.65361765272448,1
"1555",4.127529683524,1
"1556",3.83382128195771,1
"1557",1.40509452322386,1
"1558",1.24671184139507,0
"1559",1.19778936225387,1
"1560",2.58981342390161,1
"1561",0.641636859923251,0
"1562",2.17758757806665,1
"1563",1.0409853855908,1
"1564",1.90537791583264,0
"1565",1.81582003352313,1
"1566",0.254080042044937,0
"1567",1.82337862738481,1
"1568",0.776398379995875,0
"1569",2.33686401169385,0
"1570",0.78927601166625,1
"1571",4.35899120349098,1
"1572",1.12668761353699,1
"1573",2.07464337496006,1
"1574",-0.158141364749253,1
"1575",0.045539469670278,0
"1576",2.63177336412873,1
"1577",2.40523305857902,1
"1578",1.11057222175255,0
"1579",1.43323469646731,1
"1580",-1.14357246605783,0
"1581",-0.372824627059417,0
"1582",1.67017123467596,1
"1583",2.5216371749907,1
"1584",2.7374454813897,1
"1585",0.397111950846091,0
"1586",1.74844746558761,1
"1587",0.537148477476259,0
"1588",0.757845532955726,0
"1589",3.43714488558615,1
"1590",-0.026712528090392,0
"1591",1.69523728044765,1
"1592",1.978726292443,1
"1593",0.561734106814941,1
"1594",-0.221029235202948,0
"1595",0.900261948609106,0
"1596",1.12706912773909,0
"1597",3.04009020938031,1
"1598",1.43429404356149,1
"1599",3.35390062123435,1
"1600",1.03544378268046,1
"1601",-0.896283079502264,0
"1602",-1.24601344555199,0
"1603",1.80405027494058,0
"1604",2.20487211130546,1
"1605",1.76957811005147,1
"1606",1.60638661298811,1
"1607",3.48625545540677,1
"1608",1.90114550405925,0
"1609",0.89626028880075,1
"1610",0.508983017183774,1
"1611",2.98529588092986,1
"1612",2.46061180601734,1
"1613",1.38901901491029,1
"1614",2.2964519655711,1
"1615",-0.123231103911362,1
"1616",1.23485852706655,1
"1617",2.3350072055261,1
"1618",1.82708836097604,1
"1619",0.618112355884665,1
"1620",2.91526613067697,1
"1621",3.06305933920202,1
"1622",0.959960161542999,1
"1623",0.514533370876981,0
"1624",2.63061393946025,1
"1625",1.56372484271866,0
"1626",1.37125238536514,1
"1627",1.0214601604319,1
"1628",2.24507540684539,1
"1629",-1.21601821802967,0
"1630",0.949922410651637,1
"1631",1.47358712705744,0
"1632",-1.0037984055143,0
"1633",0.69922287321736,1
"1634",1.65921493638563,1
"1635",1.59792649886279,1
"1636",0.145955242312718,1
"1637",1.20937884189092,0
"1638",0.878543662916237,1
"1639",1.74194106259678,1
"1640",0.503427792999045,0
"1641",2.59662874083119,1
"1642",1.83401854028639,1
"1643",1.76565201445174,1
"1644",2.35474084400222,0
"1645",1.07189488202031,0
"1646",1.3235404626101,0
"1647",2.3748986268307,1
"1648",1.27163462664524,0
"1649",3.23573646703799,1
"1650",1.84289583903341,1
"1651",0.942843946422432,0
"1652",2.66963413281427,0
"1653",1.36996168657052,1
"1654",1.99100897953624,0
"1655",1.29292180392768,1
"1656",3.61013967532023,1
"1657",1.23375262023935,1
"1658",1.08562772328474,1
"1659",2.93640262444953,1
"1660",1.66493153261291,0
"1661",2.45171083746008,1
"1662",0.973188529340283,0
"1663",2.1418598033419,1
"1664",3.95476070604651,1
"1665",0.467465504781913,1
"1666",0.913663682946731,1
"1667",0.620859877093907,1
"1668",1.66075549037634,0
"1669",1.65435806466613,1
"1670",1.7699915441032,1
"1671",3.68330681833914,1
"1672",1.32097354721546,1
"1673",3.92279460124328,1
"1674",0.490559186356366,1
"1675",2.01783561304849,0
"1676",1.02312100257483,0
"1677",0.311399480008375,0
"1678",1.72716309661293,1
"1679",3.23897466777892,1
"1680",3.60380587237689,1
"1681",0.221532178948657,1
"1682",4.12109460835705,0
"1683",4.47794265437777,1
"1684",1.37467816534438,1
"1685",1.83561809479307,1
"1686",1.23645264446333,1
"1687",1.80699891140981,1
"1688",2.63985943824584,1
"1689",2.00336281493056,1
"1690",2.09200699820434,1
"1691",3.37880760269639,1
"1692",-1.50386847858085,0
"1693",1.40855695259818,1
"1694",2.04441727126289,1
"1695",-0.0831006373176839,0
"1696",2.96096624028704,1
"1697",1.45449435787797,1
"1698",0.270819846227235,0
"1699",3.08901180052985,1
"1700",1.5342940730615,0
"1701",1.74969252213592,1
"1702",0.372242867213538,0
"1703",0.451834709816008,1
"1704",1.20271541544838,1
"1705",3.29849023212988,0
"1706",1.86258498636595,1
"1707",2.81349189044332,1
"1708",1.71547350173527,1
"1709",1.30982429616145,0
"1710",1.84727319101203,1
"1711",3.26392195568146,1
"1712",1.39636658286562,1
"1713",0.190939831318301,1
"1714",2.7985496831277,1
"1715",1.66226597350568,1
"1716",2.16340758053025,0
"1717",2.02437826647931,1
"1718",3.35374084383311,1
"1719",2.25022695950742,1
"1720",1.55097452034023,1
"1721",2.62559860781983,1
"1722",1.44076157037853,1
"1723",3.58475923125394,1
"1724",2.04658401680351,1
"1725",-0.129857092929592,1
"1726",1.42782991989397,1
"1727",0.267628073212962,1
"1728",-0.278355306094603,1
"1729",1.95920865108761,1
"1730",2.54786063669764,1
"1731",1.13857311133469,1
"1732",0.571157673876059,1
"1733",1.29796925277163,1
"1734",-0.850525272350483,0
"1735",1.40300179515007,0
"1736",2.47450300510831,1
"1737",0.304708490433787,1
"1738",0.0759311384292942,0
"1739",1.74721605508961,0
"1740",0.531940764671925,0
"1741",1.90951589246488,1
"1742",2.317240223978,1
"1743",1.32683419668077,0
"1744",1.90624313870859,0
"1745",2.67256536861362,1
"1746",0.52243293593515,1
"1747",1.53757307468482,1
"1748",2.20229849579678,1
"1749",1.79092012388187,1
"1750",-0.279165281203928,1
"1751",-0.0581147249943845,0
"1752",1.71455115132308,0
"1753",2.05804716206519,1
"1754",-0.772560437614721,0
"1755",2.11592620622954,1
"1756",1.74129252679215,1
"1757",2.57185387340111,1
"1758",4.00655860175097,1
"1759",0.384099868937143,1
"1760",1.3949364780092,1
"1761",1.7612370596576,1
"1762",-1.43620500038377,0
"1763",1.86878000403984,1
"1764",0.106830962087569,0
"1765",4.13560276857964,1
"1766",-1.01797621388336,1
"1767",3.38822116820748,1
"1768",2.90802466769112,1
"1769",1.4350916296203,0
"1770",2.0468119927248,1
"1771",-0.0108002952042019,0
"1772",3.00563140078162,1
"1773",1.0142529349644,1
"1774",2.59476181786188,1
"1775",2.30263918531464,1
"1776",2.97623819643517,1
"1777",0.103453568511508,0
"1778",1.31901237202297,1
"1779",2.20207656381221,1
"1780",1.00568515551434,0
"1781",3.27399835400225,1
"1782",2.38539942838607,1
"1783",0.844840039347648,0
"1784",2.74261984391545,1
"1785",0.156392184237238,0
"1786",2.9929718962791,1
"1787",0.87745839613841,1
"1788",1.03814737137287,0
"1789",0.193154236387271,1
"1790",0.946449258206672,0
"1791",0.332036868857967,1
"1792",1.66851505503467,1
"1793",0.14254454993354,1
"1794",1.26038017010125,1
"1795",-0.0761669099342858,0
"1796",1.25477465298797,0
"1797",1.31787786991429,1
"1798",1.13140489812745,1
"1799",3.12151568781476,1
"1800",2.36917040967207,0
"1801",1.79348038421025,0
"1802",0.408757494858549,1
"1803",3.17665308259526,1
"1804",-0.528537570739704,0
"1805",0.628048978018193,0
"1806",2.63445820331274,1
"1807",1.68611291960997,1
"1808",1.74960719638218,1
"1809",0.825382426230552,0
"1810",2.32785802210652,1
"1811",1.11135067907326,0
"1812",0.173638746133364,1
"1813",1.72435176594011,1
"1814",2.18683852320497,1
"1815",1.29074001163935,0
"1816",1.58263971583737,1
"1817",1.19734835956583,1
"1818",0.532412198404019,1
"1819",1.17119275108017,1
"1820",1.77847507435708,1
"1821",1.26479395112681,1
"1822",1.29470268812058,0
"1823",2.26750123089776,1
"1824",0.291261565313727,1
"1825",2.21733184479833,1
"1826",2.44170465821794,1
"1827",1.63867301008549,1
"1828",0.673504238033636,0
"1829",1.46776169304627,1
"1830",0.406613257213388,0
"1831",-0.307040125367313,0
"1832",2.3252075996399,1
"1833",0.675183407664512,1
"1834",0.109535344672883,0
"1835",0.986361930861509,1
"1836",1.02908228564333,1
"1837",1.53144436020643,1
"1838",1.41474748390724,1
"1839",1.20003812081797,1
"1840",0.446566103217375,0
"1841",0.31510239192082,1
"1842",2.01103836752132,1
"1843",2.53184615895685,1
"1844",0.616901307966094,1
"1845",0.486899378406995,1
"1846",2.93199711011046,0
"1847",2.13950724081272,1
"1848",1.9531929269048,1
"1849",1.70149254442298,1
"1850",2.39264776112074,1
"1851",0.737241061093232,0
"1852",1.35408804764327,1
"1853",1.46752393297796,1
"1854",0.355515293666448,0
"1855",0.380330604227579,0
"1856",-0.0516988735969723,0
"1857",2.97410152344092,1
"1858",1.99382215565949,1
"1859",1.12693317051175,1
"1860",2.49124873494842,1
"1861",2.25022847867813,1
"1862",1.76242041881709,1
"1863",1.10088186704007,0
"1864",0.993621004715563,1
"1865",1.70115974743793,1
"1866",0.900845295672775,1
"1867",0.716189565576403,1
"1868",1.56860134981831,1
"1869",2.06802480124848,1
"1870",0.986994469316488,1
"1871",1.72494187171554,1
"1872",0.0695538791137631,1
"1873",1.45326274806527,1
"1874",3.07066727472609,1
"1875",0.748584102320274,1
"1876",0.707067979953306,1
"1877",0.48013854149291,0
"1878",2.43467073298313,1
"1879",1.93610916552029,0
"1880",4.55374072860382,1
"1881",2.70089323807475,1
"1882",2.57145352655366,1
"1883",2.72792411706594,0
"1884",1.59907569613054,1
"1885",0.486650594489328,0
"1886",2.15327014961245,1
"1887",0.479911955159471,1
"1888",0.0645633445720128,1
"1889",3.70678937403827,1
"1890",0.125004257489619,0
"1891",0.242119143206949,0
"1892",0.907044234010564,1
"1893",2.04407259666599,1
"1894",1.29114052243569,0
"1895",0.471388762126592,0
"1896",0.714704693547373,0
"1897",1.65139291492873,0
"1898",1.88923192298621,1
"1899",1.338656527823,1
"1900",1.83938991855349,1
"1901",-0.142326346047997,0
"1902",2.00188808363953,1
"1903",-0.197925784148349,0
"1904",3.29392544527667,1
"1905",-0.586523904380963,1
"1906",2.30129413581068,1
"1907",1.41197277703909,1
"1908",2.6871488081498,0
"1909",0.46553656931269,0
"1910",2.38183736039939,1
"1911",2.28689396920434,1
"1912",2.14767240933678,1
"1913",2.41811983535065,1
"1914",3.89741373388409,1
"1915",1.62750882368067,0
"1916",2.09642414887758,1
"1917",3.69026621898744,1
"1918",2.48319774918996,1
"1919",2.55033359910166,1
"1920",3.1450301486185,1
"1921",0.861106626019968,0
"1922",2.62549069145764,1
"1923",0.425519781867732,0
"1924",2.02483606539615,1
"1925",1.93964262732746,1
"1926",0.0602669624677103,0
"1927",3.93465321892986,1
"1928",1.34110240061116,1
"1929",1.54422058932798,1
"1930",2.02441739035745,0
"1931",0.679377770771022,0
"1932",3.06812642718924,1
"1933",1.29264287908519,1
"1934",1.88715834069456,1
"1935",0.449063121573579,0
"1936",0.930886359593337,1
"1937",1.59668804663299,1
"1938",0.0447328603348157,0
"1939",1.55744732494705,0
"1940",0.409016416976373,0
"1941",0.617218795555701,0
"1942",1.0721553071952,1
"1943",0.915199005610929,0
"1944",-0.911936356903629,0
"1945",-1.04987178428323,1
"1946",2.58010634326583,0
"1947",2.6572616974227,1
"1948",1.33472863406044,0
"1949",-0.336508265802994,1
"1950",2.57712911702719,1
"1951",2.41981427057805,1
"1952",1.82234495860005,1
"1953",2.72503876265375,1
"1954",3.0205690307062,1
"1955",0.577836400813053,0
"1956",3.84533707765883,1
"1957",2.88836269949981,1
"1958",3.12438538128579,1
"1959",1.58488238516736,1
"1960",1.7688771443385,1
"1961",0.977414577546099,1
"1962",1.10736908548036,0
"1963",2.16401143438051,1
"1964",1.99128355394166,1
"1965",1.21931257113425,1
"1966",0.468030504869016,0
"1967",3.88511178276459,1
"1968",0.970840642894775,1
"1969",1.4939097673738,1
"1970",-0.703432553812459,0
"1971",0.659270932424068,1
"1972",1.61323479856481,1
"1973",1.50871269821292,1
"1974",1.28309843576743,1
"1975",1.12615569046712,1
"1976",1.70337307678103,1
"1977",3.03402054312043,1
"1978",1.54219881447332,1
"1979",0.616796136376895,1
"1980",-0.369051804500686,0
"1981",-1.30434764907113,0
"1982",0.189483677781926,1
"1983",-0.0474201827629657,0
"1984",0.923584538765624,1
"1985",0.750973889398883,1
"1986",3.88924365380742,1
"1987",2.4511310826985,0
"1988",3.26440930061295,0
"1989",2.67649590154134,1
"1990",1.73875145516074,1
"1991",0.856739305549382,1
"1992",-0.400766262136209,0
"1993",1.40312605252922,1
"1994",3.18052092659645,1
"1995",2.56647056233911,1
"1996",1.58950019727232,0
"1997",1.71287857226339,1
"1998",-0.853636342925909,0
"1999",1.02640267177958,0
"2000",1.6853880279355,1
